state,district,today,Total doses til date,avgdaily,today 18,avgdaily 18-44,Total doses til date 18,wastage %,wastage,doses,male,female,gratio,fully,people,avg people,sites,avgf
Andaman & Nicobar,North and Middle Andaman,24,60917,41,242,504,66152,9.02,24,266,66264,60788,917,48394,78675,24,10,520
Andaman & Nicobar,South Andaman,184,129767,156,807,800,160571,5.95,59,991,156206,134085,858,102678,187660,164,14,791
Andaman & Nicobar,Nicobar,43,18934,19,249,258,23384,2.74,8,292,22854,19461,852,17018,25300,3,4,273
Andhra Pradesh,Krishna,5617,2270083,10296,10197,16478,1795014,3.71,586,15814,1902335,2162042,1137,1399404,2665693,14035,147,12738
Andhra Pradesh,Guntur,17535,2376343,16622,28136,28341,1876037,1.41,645,45675,1967941,2283769,1160,1451619,2800761,23006,158,21956
Andhra Pradesh,"YSR District, Kadapa (Cuddapah)",15871,1642307,6434,29719,12086,1084528,1.07,489,45591,1240130,1486242,1198,1102206,1624629,6659,116,11860
Andhra Pradesh,Kurnool,11859,1748415,6313,44540,22774,1593146,0.89,501,56529,1502495,1838559,1224,1103756,2237805,18385,136,10702
Andhra Pradesh,Visakhapatnam,20408,2096919,10220,29155,15035,2153931,1.32,652,49568,2073839,2176401,1049,1425572,2825278,6543,152,18712
Andhra Pradesh,Anantapur,4932,2065165,9104,11838,27135,1566767,2.03,340,16770,1662513,1967393,1183,1282449,2349483,19721,84,16517
Andhra Pradesh,Chittoor,4959,2197157,3456,11423,8140,1683063,2.55,418,16382,1799322,2080282,1156,1415894,2464326,4871,158,6725
Andhra Pradesh,East Godavari,23154,2627567,18078,24219,21042,2128598,2.23,1057,47373,2231195,2524200,1131,1401802,3354363,12398,255,26721
Andhra Pradesh,Prakasam,8129,1851355,13200,17627,26774,1333964,1.86,480,25800,1473757,1711104,1161,1243274,1942045,19367,141,20607
Andhra Pradesh,Sri Potti Sriramulu Nellore,16718,1674533,5520,29161,10477,1281899,0.79,363,45987,1383760,1572120,1136,1131377,1825055,6383,98,9613
Andhra Pradesh,Srikakulam,6904,1463071,3966,8319,4994,890138,13.23,2014,15226,1043534,1309427,1255,787970,1565239,3695,618,5265
Andhra Pradesh,Vizianagaram,3863,1157815,3735,5111,4960,816247,2.74,246,8974,894410,1079345,1207,687944,1286118,2623,72,6072
Andhra Pradesh,West Godavari,2031,2073258,10309,3483,15668,1520701,6.82,376,5514,1637396,1956075,1195,1265140,2328819,7194,267,18783
Arunachal Pradesh,Itanagar Capital Complex,61,42147,48,1052,664,134605,3.32,37,1113,100984,75750,750,69350,107402,149,7,563
Arunachal Pradesh,Lower Siang,5,9567,14,28,73,15509,21.21,7,33,13454,11621,864,8683,16393,7,1,80
Arunachal Pradesh,Pakke Kessang,1,6144,1,15,13,6189,25.0,4,16,6479,5847,902,4368,7965,2,2,11
Arunachal Pradesh,Changlang,76,46140,130,470,551,89531,6.23,34,546,75204,60453,804,47807,87864,137,12,543
Arunachal Pradesh,Kurung Kumey,34,5989,30,79,73,8064,6.19,7,113,6893,7054,1023,4999,9054,10,4,93
Arunachal Pradesh,Anjaw,17,6676,11,60,56,11723,29.87,23,77,10120,8277,818,6805,11594,4,4,62
Arunachal Pradesh,East Kameng,72,17440,26,324,121,19353,1.01,4,396,19309,17478,905,14065,22728,15,3,131
Arunachal Pradesh,Kamle,57,3939,27,89,76,5846,9.59,14,146,5611,4174,744,3029,6756,27,3,75
Arunachal Pradesh,Dibang Valley,8,1935,9,18,45,4629,15.38,4,26,4161,2403,578,2435,4129,4,2,50
Arunachal Pradesh,Tirap,164,17094,86,546,312,33429,5.63,40,710,28296,22215,785,19070,31453,17,8,380
Arunachal Pradesh,Kra Daadi,0,3933,9,19,27,5464,5.26,1,19,5002,4395,879,3135,6262,4,2,33
Arunachal Pradesh,West Kameng,47,28714,55,513,401,60903,7.14,40,560,49646,39940,804,34451,55166,39,8,417
Arunachal Pradesh,Lohit,90,15248,43,446,271,33817,4.48,24,536,26823,22231,829,18394,30671,36,7,277
Arunachal Pradesh,Tawang,31,16060,13,338,159,35228,5.69,21,369,27832,23438,842,21901,29387,18,5,154
Arunachal Pradesh,Lower Dibang Valley,57,17886,57,267,267,33847,11.11,36,324,28166,23562,837,19513,32220,39,8,284
Arunachal Pradesh,Lower Subansiri,29,15611,13,280,126,27848,13.27,41,309,23655,19802,837,16746,26713,18,10,121
Arunachal Pradesh,Lepa Rada,3,8318,5,40,46,14365,16.28,7,43,12813,9866,770,9420,13263,2,2,49
Arunachal Pradesh,Upper Siang,69,13378,42,298,193,17276,3.54,13,367,16351,14301,875,12220,18434,28,3,207
Arunachal Pradesh,Shi Yomi,2,4534,1,20,19,7678,36.36,8,22,6318,5894,933,5315,6897,1,2,18
Arunachal Pradesh,Namsai,87,36717,104,516,640,66642,7.79,47,603,55315,48040,868,40411,62948,86,15,658
Arunachal Pradesh,Siang,55,9692,17,242,85,12939,4.38,13,297,11909,10715,900,8292,14339,4,5,98
Arunachal Pradesh,West Siang,29,22155,17,308,192,37799,3.86,13,337,31868,28080,881,26318,33636,13,3,196
Arunachal Pradesh,Papum Pare,30,16328,36,231,193,36047,11.11,29,261,31037,21329,687,20828,31547,33,8,195
Arunachal Pradesh,Longding,65,9781,48,123,89,15865,6.38,12,188,15776,9870,626,6554,19092,25,8,112
Arunachal Pradesh,Upper Subansiri,53,20240,22,176,111,18313,9.17,21,229,20275,18272,901,13929,24624,11,6,122
Arunachal Pradesh,East Siang,51,30161,32,526,337,58165,5.72,33,577,45507,42801,941,35008,53318,35,10,333
Assam,Dibrugarh,1764,472406,1535,4013,3884,776342,10.78,623,5777,626926,621665,992,350184,898564,3130,147,2288
Assam,Sivasagar,1204,271636,849,2779,2088,370740,8.96,357,3983,325645,316638,972,167550,474826,570,115,2366
Assam,Tinsukia,2109,374171,2051,7312,6437,610773,8.91,839,9421,495614,489164,987,246699,738245,6332,237,2156
Assam,Baksa,1093,244706,791,2765,1988,412888,12.49,482,3858,330037,327434,992,109974,547620,1696,113,1083
Assam,Barpeta,3421,568232,3681,8474,9310,854426,8.79,1045,11895,710252,712221,1003,359107,1063551,9092,293,3899
Assam,Darrang,1683,292614,1332,3815,3034,426174,12.95,712,5498,363813,354873,975,148548,570240,2574,168,1792
Assam,Kamrup Metropolitan,1241,736717,1456,4265,5100,1289478,4.78,263,5507,1130238,895582,792,793603,1232592,1282,74,5274
Assam,Kamrup Rural,2618,599921,1356,7298,3824,780442,8.51,844,9916,705397,674799,957,326849,1053514,3352,205,1828
Assam,Karbi-Anglong,1415,124006,943,3961,2773,215559,4.72,254,5376,178547,160969,902,80674,258891,2824,68,892
Assam,Nalbari,1179,252157,839,2992,2133,351720,9.33,389,4171,302385,301421,997,131654,472223,2030,89,942
Assam,Golaghat,1077,345943,1037,2656,2805,572405,0.46,17,3733,468494,449692,960,216371,701977,909,78,2933
Assam,Jorhat,1620,365650,1133,3318,2454,501454,6.93,342,4938,437310,429664,983,224050,643054,565,84,3021
Assam,Morigaon,1859,293679,1210,4712,3138,446687,6.83,449,6571,363801,376487,1035,157922,582444,1607,126,2740
Assam,Nagaon,3447,595529,3449,7398,8825,932956,8.06,874,10846,741826,786443,1060,357754,1170731,8286,192,3986
Assam,Bongaigaon,1272,241591,1120,3061,2992,395416,11.7,507,4333,319573,317325,993,149836,487171,2013,121,2099
Assam,Chirang,784,132950,591,1816,1476,233129,23.85,620,2600,190841,175194,918,83459,282620,1108,151,959
Assam,Dhubri,2384,406292,3200,7111,8530,695987,4.35,415,9535,558694,543445,973,185326,916953,9978,145,1751
Assam,Goalpara,1340,285519,1098,2958,2686,514692,12.84,552,4298,398920,401147,1006,147404,652807,2045,141,1739
Assam,Kokrajhar,955,240643,1061,2454,2797,411563,18.51,631,3409,334555,317581,949,125093,527113,2715,132,1143
Assam,Dhemaji,1402,217499,842,3044,2187,362412,10.89,484,4446,284553,295264,1038,155431,424480,1314,122,1714
Assam,Lakhimpur,3409,362079,2214,8370,4984,533351,1.96,231,11779,446776,448525,1004,224127,671303,3153,99,4045
Assam,Sonitpur,1741,401513,1453,4172,3737,686865,13.31,787,5913,535900,552316,1031,335630,752748,2219,195,2970
Assam,Udalguri,2826,217241,2174,5651,4779,368757,8.88,753,8477,294460,291465,990,106650,479348,5742,172,1211
Assam,Cachar,4165,549869,5621,7965,11274,867361,4.29,520,12130,718962,698083,971,361800,1055430,13004,192,3890
Assam,Dima Hasao,599,60087,464,1536,1309,106518,14.29,305,2135,93005,73547,791,54548,112057,1095,71,677
Assam,Hailakandi,446,208545,590,1419,1379,334170,17.43,325,1865,282600,260008,920,124915,417800,1021,94,947
Assam,Karimganj,1026,309287,2110,2894,5958,527696,13.27,520,3920,416267,420619,1010,167537,669446,6520,163,1547
Bihar,Madhepura,2531,438448,3439,5699,7853,650423,10.21,840,8230,531400,557254,1049,185966,902905,7813,398,3479
Bihar,Saharsa,2382,454084,2159,6469,5186,603134,3.94,349,8851,510181,546846,1072,231306,825912,4740,242,2604
Bihar,Supaul,6743,537221,3153,10719,6512,707820,3.72,655,17585,604065,640710,1061,251934,993107,5349,213,4314
Bihar,Purnia,996,848658,4746,3174,12847,1185544,11.03,460,4170,1059153,974484,920,581765,1452437,8711,541,8881
Bihar,Araria,2405,588809,2566,4923,5984,773175,5.33,391,7329,692077,669517,967,277866,1084118,5466,228,3083
Bihar,Katihar,4535,603941,5015,9892,11059,1012287,5.45,786,14434,816017,799883,980,275897,1340331,11034,304,5039
Bihar,Kishanganj,970,346194,2681,1971,5321,517591,11.75,346,2944,444643,419010,942,157172,706613,5048,162,2954
Bihar,Aurangabad,3003,554949,3347,7497,7770,821297,4.86,510,10500,706742,669077,947,298127,1078119,5340,310,5777
Bihar,Arwal,1262,170328,819,2217,1621,246744,4.88,173,3547,206274,210701,1021,79509,337563,727,67,1713
Bihar,Gaya,3115,920232,5191,8504,11956,1432548,6.98,811,11619,1182840,1169364,989,552158,1800622,8061,567,9085
Bihar,Kaimur,15233,393133,3869,25547,6007,545096,1.22,503,41117,488843,449120,919,176889,761340,5168,154,4707
Bihar,Rohtas,2672,694695,2682,6901,6610,1041004,7.27,696,9574,906047,829206,915,332226,1403473,5900,274,3391
Bihar,Bhagalpur,2464,732004,3774,6421,9618,1157326,3.55,315,8885,976281,912750,935,492845,1396485,5195,283,8196
Bihar,Banka,2491,474763,3173,4145,5431,669182,4.43,294,6636,563843,579863,1028,268242,875703,3974,129,4630
Bihar,Lakhisarai,972,221765,1031,2144,2167,321942,7.64,240,3140,267111,276506,1035,103180,440527,1957,144,1240
Bihar,Munger,2251,349687,1772,5086,3663,538585,3.58,263,7337,457606,430484,941,199051,689221,1664,500,3771
Bihar,Muzaffarpur,5469,1077320,6334,11494,13192,1641588,8.71,1477,16963,1340559,1377830,1028,557213,2161695,11702,542,7823
Bihar,Sheohar,895,184231,901,1761,1845,195588,6.93,184,2656,183666,196092,1068,89667,290152,1172,75,1574
Bihar,Sitamarhi,5990,781020,3288,12420,6612,956868,6.78,1248,18412,827107,910515,1101,307522,1430366,5133,410,4766
Bihar,Vaishali,3258,826665,3928,7324,8462,1118210,6.88,728,10582,958641,985711,1028,368188,1576687,7897,324,4493
Bihar,Nalanda,8082,841112,4339,13028,8180,991941,2.73,578,21162,924314,908344,983,508391,1324662,6471,246,6047
Bihar,Jehanabad,3580,257319,1300,7926,3009,357404,3.34,384,11506,304030,310544,1021,138395,476328,2013,139,2295
Bihar,Nawada,3148,474330,2887,7920,7147,691853,7.25,802,11068,578597,587381,1015,203038,963145,7007,445,3026
Bihar,Sheikhpura,318,147594,582,800,1453,201576,1.07,12,1118,173777,175338,1009,73539,275631,973,29,1062
Bihar,Darbhanga,4274,1023578,4234,10156,9299,1332127,5.68,819,14431,1112560,1242703,1117,574009,1781696,6005,393,7528
Bihar,Madhubani,8257,1085160,4777,15592,9143,1348900,3.36,801,23849,1099541,1333969,1213,531762,1902298,6632,216,7288
Bihar,Samastipur,8289,918062,4698,20513,11336,1398080,4.02,1223,30437,1113259,1202430,1080,432486,1883656,10114,407,5919
Bihar,Patna,7513,2000037,7110,20111,18502,3275994,2.34,646,27624,2863012,2411839,842,1964618,3311413,6871,274,18741
Bihar,Begusarai,12997,670830,4126,18729,7606,1041559,2.65,843,31857,843318,868760,1030,349426,1362963,6099,604,5632
Bihar,Bhojpur,2971,623842,2888,7214,6720,877681,9.59,978,10202,779169,722029,927,277407,1224116,6130,406,3477
Bihar,Buxar,2869,460111,2470,7437,5495,638444,5.66,583,10307,567164,531183,937,234986,863569,4667,174,3298
Bihar,Khagaria,1331,349736,1236,3467,3299,539498,6.09,292,4798,429712,459306,1069,159674,729560,3039,189,1496
Bihar,Saran,4063,994853,4420,9470,9780,1345249,5.74,777,13533,1153716,1185743,1028,559719,1780383,7637,290,6562
Bihar,Siwan,3759,913952,7583,8357,10362,1230924,5.89,714,12116,1068296,1075970,1007,521892,1622984,6393,361,11551
Bihar,Gopalganj,7865,628349,5958,13774,10515,925891,4.24,918,21642,774496,779402,1006,345247,1208993,8336,246,8137
Bihar,East Champaran,2278,1306821,6882,6362,16077,1904607,4.75,410,8640,1596784,1613868,1011,802197,2409231,11941,149,11018
Bihar,West Champaran,7044,803842,5562,15182,12126,1243041,3.69,820,22230,1048584,997854,952,353753,1693130,10574,464,7114
Bihar,Jamui,2811,363444,1473,7202,3688,535000,4.32,435,10065,451568,446716,989,165896,732548,3122,218,2038
Chandigarh,Chandigarh,866,532126,812,3599,3796,872896,2.58,115,4465,803761,601045,748,490198,914824,1117,58,3491
Chhattisgarh,Raipur,1125,855402,1754,5348,8351,1379087,7.68,497,6473,1168438,1065812,912,799919,1434570,3020,190,7084
Chhattisgarh,Balod,612,368722,964,2421,3171,359286,3.53,107,3033,344229,383659,1115,231414,496594,1477,47,2658
Chhattisgarh,Baloda bazar,1809,346502,1200,4779,3251,355298,3.07,202,6588,350714,351027,1001,169238,532562,2741,70,1710
Chhattisgarh,Balrampur,1303,186591,1232,3627,3332,149445,10.53,520,4940,175999,160003,909,82499,253537,2745,190,1819
Chhattisgarh,Bastar,1215,242052,1410,3704,4076,295245,8.76,431,4919,268579,268631,1000,154508,382789,3136,181,2349
Chhattisgarh,Bemetara,1487,220721,1956,3307,4224,230622,0.54,26,4794,221086,230191,1041,109764,341579,4275,66,1905
Chhattisgarh,Bijapur,92,59183,164,453,577,77091,8.26,45,545,77370,58883,761,41464,94810,442,56,299
Chhattisgarh,Bilaspur,3606,637449,2776,5888,6210,681236,4.7,446,9494,664630,653859,984,414458,904227,4215,240,4770
Chhattisgarh,Dantewada,77,96160,224,377,725,115136,10.13,46,454,106399,104864,986,71394,139902,347,65,601
Chhattisgarh,Dhamtari,1683,341142,1239,4933,3891,320333,4.44,294,6616,312485,348897,1117,196796,464679,2459,143,2670
Chhattisgarh,Durg,2554,699128,1612,8762,5617,661292,5.51,624,11316,676292,683963,1011,470284,890136,4294,134,2934
Chhattisgarh,Gariaband,971,172989,1050,2253,2876,166480,2.05,66,3224,162860,176572,1084,82632,256837,2616,93,1310
Chhattisgarh,Janjgir-Champa,1988,514446,2079,4939,5315,533908,4.09,283,6927,529238,519012,981,261198,787156,4863,185,2531
Chhattisgarh,Jashpur,985,283453,1026,1892,1912,260496,10.18,293,2877,263458,280420,1064,152603,391346,1446,256,1491
Chhattisgarh,Kanker,1283,241679,1090,3497,3222,258250,2.3,110,4780,251529,248354,987,143300,356629,2422,195,1890
Chhattisgarh,Kondagaon,1230,168268,1225,3327,3305,189016,13.89,633,4557,177083,180154,1017,78361,278923,2760,174,1769
Chhattisgarh,Korba,655,445178,1184,2812,3816,368679,4.12,143,3467,410049,403703,985,236839,577018,2720,117,2279
Chhattisgarh,Koriya,1250,208587,1809,2882,4113,231716,6.24,258,4132,221231,219027,990,113976,326327,4020,106,1902
Chhattisgarh,Mahasamund,2218,497278,1964,4359,4437,486616,2.78,183,6577,477083,506693,1062,307559,676335,1725,250,4675
Chhattisgarh,Mungeli,576,203470,564,1454,1426,130565,4.43,90,2030,162619,171395,1054,89210,244825,1125,59,864
Chhattisgarh,Narayanpur,194,26956,136,412,236,35039,2.31,14,606,34217,27775,812,16458,45537,250,13,121
Chhattisgarh,Raigarh,5221,792587,4554,5409,7816,902708,8.37,890,10630,859311,835770,973,731744,963551,658,370,11712
Chhattisgarh,Rajnandgaon,3913,625206,2054,12050,5808,763128,4.05,647,15963,669600,718580,1073,442060,946274,3021,221,4840
Chhattisgarh,Sukma,172,87418,332,883,873,97385,4.27,45,1055,102245,82532,807,67192,117611,380,14,824
Chhattisgarh,Surajpur,3264,264472,2146,5219,3995,230153,5.86,497,8483,251873,242676,963,132011,362614,3247,155,2894
Chhattisgarh,Surguja,2019,380919,1746,3013,2919,234393,7.11,358,5032,304263,310969,1022,217265,398047,1927,156,2737
Chhattisgarh,Kawardha,686,242590,743,1650,2065,242187,4.45,104,2336,244088,240618,986,134323,350454,1402,32,1405
Chhattisgarh,Gaurela Pendra Marwahi ,598,109340,568,1566,1632,105704,9.98,216,2164,104638,110376,1055,64677,150367,968,61,1233
Dadra and Nagar Haveli and Daman and Diu,Dadra and Nagar Haveli,330,114853,321,2419,2501,423643,6.58,181,2749,377247,161173,427,154399,384097,367,47,2454
Dadra and Nagar Haveli and Daman and Diu,Daman,211,84133,200,1672,1513,284286,0.9,17,1883,244578,123728,506,138419,230000,279,5,1433
Dadra and Nagar Haveli and Daman and Diu,Diu,76,26231,42,102,110,41219,6.74,12,178,33469,33964,1015,28821,38629,7,3,145
Delhi,New Delhi,1522,578385,1253,6669,6236,851901,4.38,359,8191,851263,578720,680,557061,873225,2156,102,5333
Delhi,Central Delhi,2283,678226,1628,9163,6868,1054432,3.01,344,11446,1081172,651094,602,584824,1147834,3000,140,5495
Delhi,West Delhi,3191,849124,2582,12861,11105,1187929,2.23,358,16052,1159788,876714,756,727388,1309665,5552,133,8135
Delhi,North West Delhi,2865,865173,2296,11741,10277,1433244,3.59,524,14606,1291842,1005872,779,756681,1541736,5112,151,7460
Delhi,South East Delhi,2796,633369,2222,12065,10075,1249489,3.36,499,14861,1124779,757513,673,668887,1213971,4210,119,8087
Delhi,East Delhi,1905,538023,1624,8775,7809,981915,3.28,350,10680,865156,654335,756,552857,967081,3189,117,6243
Delhi,North Delhi,2048,557729,2038,9119,9898,1129837,4.06,453,11167,1001247,685825,685,496256,1191310,5974,148,5962
Delhi,North East Delhi,1929,419664,1559,8713,6832,774216,2.61,278,10642,674254,519205,770,344972,848908,4328,80,4063
Delhi,Shahdara,1643,487298,1289,6263,5219,846130,3.72,294,7906,758158,574809,758,473904,859524,2572,97,3935
Delhi,South Delhi,1651,629391,1508,7307,7449,1234994,3.82,342,8958,1098849,765090,696,673348,1191037,3102,112,5854
Delhi,South West Delhi,2766,827135,2399,11896,11392,1381389,1.96,288,14662,1225748,982141,801,764000,1444524,5241,183,8550
Goa,North Goa,1095,406334,959,3630,3463,546384,2.22,105,4725,528785,423844,802,362197,590521,670,24,3752
Goa,South Goa,879,469595,930,3257,3518,608749,2.76,114,4136,579536,498696,861,426813,651531,641,26,3807
Gujarat,Gandhinagar,882,550891,2800,1992,5819,671261,8.56,246,2874,660652,561320,850,419726,802426,1789,72,6829
Gujarat,Ahmedabad,1409,937851,5894,2881,9994,933887,4.43,190,4290,1056866,814584,771,630003,1241735,3579,51,12309
Gujarat,Vadodara,1609,838428,5302,3394,8967,878220,6.34,317,5003,925717,790644,854,626614,1090034,2835,77,11434
Gujarat,Kheda,4127,1041007,9377,7381,15102,1053621,3.41,392,11508,1111824,982499,884,684244,1410384,6192,124,18287
Gujarat,Surendranagar,3297,680332,5514,7126,11914,900071,2.75,287,10423,835762,744402,891,520130,1060273,4393,67,13035
Gujarat,Aravalli,1218,607135,2528,3203,5327,552762,10.38,459,4421,594006,565682,952,446255,713642,790,137,7064
Gujarat,Banaskantha,1184,1641760,2569,4187,7157,1463678,11.15,599,5371,1685677,1419184,842,999353,2106085,4358,167,5368
Gujarat,Mehsana,4480,1022930,6866,6060,12309,1093677,6.45,680,10540,1103016,1013279,919,737579,1379028,4612,151,14562
Gujarat,Patan,1246,593851,3070,2497,6091,690870,13.81,517,3743,660503,624060,945,444864,839857,2057,213,7104
Gujarat,Sabarkantha,2057,764827,3849,3316,6590,715743,6.09,327,5373,768274,712052,927,492538,988032,2071,115,8368
Gujarat,Dang,198,87168,1285,350,1531,99715,9.49,52,548,101186,85690,847,52033,134850,1313,10,1502
Gujarat,Navsari,2351,738648,4072,4920,8941,770466,5.9,429,7271,760880,748024,983,568772,940342,3713,107,9300
Gujarat,Surat,813,617623,3026,2723,8568,989370,6.62,234,3536,919025,687749,748,457365,1149628,3328,63,8267
Gujarat,Tapi,1499,392533,3478,2257,5880,355617,4.37,164,3756,390393,357668,916,232827,515323,3864,45,5494
Gujarat,Valsad,2079,746230,2273,7103,8752,1064170,6.73,618,9182,1043764,766228,734,596569,1213831,2187,176,8838
Gujarat,Devbhumi Dwaraka,572,313563,885,1758,2634,430565,14.16,330,2330,397692,346320,871,259648,484480,483,108,3035
Gujarat,Jamnagar,755,428263,2613,1722,4985,500237,9.41,233,2477,512963,415425,810,306550,621950,3868,65,3730
Gujarat,Kutch,133,738818,2919,629,8189,1232740,12.86,98,762,1118387,852859,763,580049,1391509,3573,32,7535
Gujarat,Morbi,750,356165,2223,2189,7074,530645,5.82,171,2939,496572,390102,786,250228,636582,4449,40,4848
Gujarat,Porbandar,458,308037,721,1199,1564,336116,34.58,573,1657,330398,313646,949,229136,415017,715,110,1569
Gujarat,Rajkot,1485,692681,3446,3422,9509,862788,8.62,423,4907,838243,716972,855,497129,1058340,4043,144,8912
Gujarat,Amreli,1894,693613,3720,4499,6365,661239,5.43,347,6393,690017,664641,963,447302,907550,2632,104,7453
Gujarat,Bhavnagar,2318,736298,5656,5967,15150,974106,6.1,505,8285,913023,797136,873,525014,1185390,6864,138,13942
Gujarat,Botad,704,229183,915,1731,2343,334106,9.24,225,2435,291770,271455,930,188072,375217,408,51,2850
Gujarat,Gir Somnath,444,502609,3415,799,5519,617151,7.0,87,1243,588618,530825,902,324085,795675,3419,24,5515
Gujarat,Junagadh,2471,648068,4738,10269,18944,806372,1.41,180,12740,765441,688757,900,399588,1054852,15511,69,8171
Gujarat,Anand,2217,1114314,5284,5090,10287,1104119,7.57,553,7307,1153612,1064483,923,802338,1416095,1775,223,13796
Gujarat,Bharuch,3017,713577,3809,6344,8955,1002693,6.08,569,9361,998588,717378,718,552336,1163934,3581,171,9183
Gujarat,Chhotaudepur,1537,497311,1941,4616,5323,478604,2.55,157,6153,520801,454949,874,344016,631899,2154,44,5109
Gujarat,Dahod,760,897512,1089,4363,4438,1133018,5.99,307,5123,1050550,979701,933,534358,1496172,2725,80,2802
Gujarat,Mahisagar,3010,619013,3883,8225,11650,606245,1.91,215,11235,641680,583387,909,410475,814783,10215,67,5318
Gujarat,Narmada,770,335463,750,2249,2118,322201,4.34,131,3019,343807,313759,913,246638,411026,381,29,2487
Gujarat,Panchmahal,1556,772315,3066,5514,11157,843916,3.68,260,7070,875642,740316,845,527378,1088853,6786,58,7437
Haryana,Kurukshetra,819,377415,624,2109,1596,438210,9.63,282,2928,418097,397413,951,221975,593650,1120,56,1100
Haryana,Panchkula,314,286311,386,1493,1519,414499,4.59,83,1807,374890,325776,869,249822,450988,532,26,1372
Haryana,Gurgaon,1134,998765,2271,8167,15490,2312436,4.29,399,9301,2035462,1274864,626,1221100,2090101,7432,97,10329
Haryana,Jhajjar,845,360719,822,3329,3094,529024,4.22,176,4174,495368,394234,796,234681,655062,1864,56,2052
Haryana,Kaithal,649,332700,585,1494,1330,451765,12.46,267,2143,395024,389352,986,185506,598959,885,78,1029
Haryana,Hisar,1044,524179,897,2917,2462,746801,13.36,529,3961,656567,614221,936,297127,973853,1620,219,1739
Haryana,Rohtak,2474,378269,1115,4751,2552,495137,6.16,445,7225,470837,402434,855,252795,620611,1842,110,1825
Haryana,Ambala,1280,619176,1164,2906,3030,744130,3.92,164,4186,722578,640442,886,501107,862199,913,41,3282
Haryana,Sirsa,951,476698,796,2335,1823,545934,15.03,494,3286,534576,487856,913,253474,769158,1373,132,1246
Haryana,Panipat,943,379559,1130,2587,3420,656954,6.8,240,3530,598806,437338,730,236866,799647,2881,45,1669
Haryana,Fatehabad,547,314604,619,1326,1480,436722,18.53,347,1873,387180,364045,940,183221,568105,932,86,1166
Haryana,Yamunanagar,1146,480892,792,3231,2361,624816,6.24,273,4377,599232,506308,845,295657,810051,1644,63,1508
Haryana,Sonipat,1221,535376,1334,4113,4138,770080,4.42,236,5334,727740,577495,794,352590,952866,2990,67,2481
Haryana,Faridabad,2891,831270,2011,9709,7019,1423843,2.62,330,12600,1316185,938408,713,643256,1611857,3925,68,5104
Haryana,Bhiwani,1771,422766,1413,2969,2640,549429,7.38,350,4740,499722,472278,945,251571,720624,1810,149,2243
Haryana,Charkhi Dadri,364,266703,466,1380,1515,320014,7.22,126,1744,300432,286181,953,225921,360796,243,34,1737
Haryana,Rewari,473,373044,335,2140,1763,524751,6.01,157,2613,498344,399207,801,261610,636185,744,37,1354
Haryana,Karnal,1168,584149,902,4053,2975,778242,6.68,349,5221,709223,652929,921,387520,974871,1613,101,2264
Haryana,Jind,1334,379796,1539,2632,3000,477169,12.71,504,3966,432626,424212,981,196284,660681,2999,159,1540
Haryana,Nuh,909,128164,717,1856,1741,262643,6.33,175,2765,245358,145354,592,67988,322819,1915,50,543
Haryana,Mahendragarh,464,370823,358,1362,937,423156,5.7,104,1826,406910,386868,951,233092,560887,493,28,801
Haryana,Palwal,679,328728,622,1886,1950,451914,10.33,265,2565,426588,353895,830,193286,587356,1454,81,1118
Himachal Pradesh,Shimla,567,475636,421,2665,2243,544476,7.05,228,3232,550829,469090,852,346907,673205,329,77,2334
Himachal Pradesh,Solan,388,347173,381,1659,1728,634718,9.43,193,2047,594617,387087,651,294212,687679,240,52,1869
Himachal Pradesh,Lahaul Spiti,32,19466,13,214,75,32428,5.69,14,246,31118,20766,667,20041,31853,9,4,79
Himachal Pradesh,Kullu,403,236376,329,1123,872,286421,7.47,114,1526,273862,248828,909,174378,348419,133,27,1068
Himachal Pradesh,Sirmaur,511,237910,413,1294,1038,343460,10.8,195,1805,317477,263798,831,161157,420213,205,47,1246
Himachal Pradesh,Kangra,1247,943946,947,3167,2794,876005,14.41,636,4414,863664,955809,1107,642394,1177557,268,163,3473
Himachal Pradesh,Chamba,155,247712,213,655,824,270158,18.52,150,810,255053,262705,1030,157339,360531,105,48,932
Himachal Pradesh,Mandi,800,613271,647,1999,1669,577904,17.18,481,2799,561275,629653,1122,419012,772163,153,167,2162
Himachal Pradesh,Kinnaur,34,54594,78,166,180,83157,5.0,10,200,80263,57461,716,58353,79398,15,4,242
Himachal Pradesh,Hamirpur,237,339508,274,829,917,259559,21.01,224,1066,275138,323758,1177,223340,375727,77,45,1114
Himachal Pradesh,Una,768,346878,554,1028,1068,328715,13.59,244,1796,335496,339897,1013,242921,432672,116,45,1506
Himachal Pradesh,Bilaspur,240,288548,774,963,992,234491,18.04,217,1203,251642,271303,1078,201282,321757,66,67,1699
Jammu & Kashmir,Srinagar,6161,563686,6124,3834,11983,752880,3.25,325,9995,809384,506789,626,391447,925119,10807,80,7299
Jammu & Kashmir,Kulgam,1676,279417,1783,10311,8440,274229,2.47,297,12013,308988,244590,792,160264,393382,8533,136,1690
Jammu & Kashmir,Shopian,46,142891,147,561,3242,143670,16.97,103,607,162524,124005,763,84114,202447,3087,74,302
Jammu & Kashmir,Bandipore,1031,206642,829,4787,6985,207815,3.3,192,5818,235995,178415,756,118942,295515,7012,60,801
Jammu & Kashmir,Anantnag,2092,484976,1813,4133,11224,580510,6.83,425,6225,580168,485134,836,311977,753509,9970,122,3065
Jammu & Kashmir,Baramulla,1027,561356,1213,10178,14928,535346,2.44,273,11207,602454,493929,820,357812,738890,14005,178,2135
Jammu & Kashmir,Kupwara,1911,368145,2617,9978,12170,472546,1.86,221,11889,477818,362761,759,255355,585336,9614,69,5172
Jammu & Kashmir,Pulwama,691,299084,1259,7654,10291,295451,1.74,145,8345,337493,256979,761,168871,425664,9357,89,2193
Jammu & Kashmir,Ganderbal,465,158855,865,4105,6480,180987,4.38,200,4570,191261,148548,777,116671,223171,5970,97,1374
Jammu & Kashmir,Budgam,935,396633,1450,2008,9224,445521,7.37,217,2943,486160,355882,732,262513,579641,8672,148,2001
Jammu & Kashmir,Jammu,827,836565,1125,7913,7284,886930,4.58,400,8740,946159,776850,821,574738,1148757,6274,104,2135
Jammu & Kashmir,Kishtwar,430,97209,530,1348,1644,111692,10.24,182,1778,116230,92638,797,67993,140908,1297,74,876
Jammu & Kashmir,Doda,468,199956,561,2595,3141,221655,4.15,127,3063,231300,190245,823,111937,309674,2432,43,1270
Jammu & Kashmir,Udhampur,691,263569,778,3234,3871,315519,11.59,455,3925,296243,282739,954,193329,385759,2698,151,1951
Jammu & Kashmir,Kathua,1999,314227,1345,7428,3910,334390,2.44,230,9430,342328,306205,894,199815,448802,3414,137,1840
Jammu & Kashmir,Ramban,421,147192,674,1559,1436,182030,7.07,140,1980,193537,135642,701,112027,217195,211,79,1898
Jammu & Kashmir,Samba,176,188432,175,1184,827,197141,8.82,120,1360,213009,172461,810,108201,277372,345,31,657
Jammu & Kashmir,Rajouri,948,285085,1578,7825,12498,408052,3.27,287,8773,386917,306123,791,203573,489564,11326,104,2749
Jammu & Kashmir,Poonch,313,241637,731,2633,2124,285380,4.89,144,2946,294144,232807,791,143266,383751,231,82,2624
Jammu & Kashmir,Reasi,610,148278,504,2314,2143,185824,5.68,166,2924,191624,142445,743,102290,231812,1263,136,1384
Jharkhand,Ranchi,2213,713240,3119,7196,8760,1265606,3.2,301,9409,1052455,925894,880,555470,1423376,7251,76,4628
Jharkhand,Koderma,265,191150,362,806,1128,283815,4.58,49,1071,238419,236460,992,119003,355962,489,27,1000
Jharkhand,Bokaro,3720,471170,3421,7979,8223,746097,0.35,41,11699,662978,553941,836,277664,939603,7921,54,3722
Jharkhand,Garhwa,442,232532,624,1048,1496,311310,5.37,80,1490,300578,243152,809,120643,423199,1137,27,982
Jharkhand,Latehar,381,125577,392,1214,1250,220631,4.08,65,1595,191597,154544,807,69612,276596,898,66,743
Jharkhand,Chatra,238,208694,421,788,1438,330787,12.09,124,1026,278512,260874,937,99161,440320,983,45,875
Jharkhand,Palamu,851,447868,1479,2240,3529,533854,5.47,169,3091,526042,455492,866,239617,742105,2704,62,2303
Jharkhand,East Singhbhum,1513,820480,1994,5068,6137,1152042,4.24,279,6581,1058242,913648,863,581707,1390815,4236,104,3894
Jharkhand,Seraikela Kharsawan,852,242687,1091,2403,3100,374677,4.45,145,3255,346596,270651,781,139281,478083,2713,42,1478
Jharkhand,Simdega,912,151176,614,1975,1310,220926,9.11,263,2887,189687,182369,961,100376,271726,825,79,1099
Jharkhand,Lohardaga,298,90310,229,1083,876,126684,12.96,179,1381,115082,101856,885,53151,163843,537,48,567
Jharkhand,Gumla,217,244564,559,670,1425,266000,11.61,103,887,255018,255436,1002,135207,375357,892,43,1092
Jharkhand,Khunti,286,133704,384,745,1168,182331,6.69,69,1031,166717,149259,895,96734,219301,760,29,791
Jharkhand,Deoghar,773,286250,1308,1299,2507,440124,7.14,148,2072,402261,323931,805,177917,548457,1873,46,1941
Jharkhand,Ramgarh,402,249966,778,1294,2279,412916,5.54,94,1696,357753,304953,852,154882,508000,1589,37,1468
Jharkhand,Hazaribagh,926,402273,1358,3308,4284,692092,2.74,116,4234,568128,525832,926,259599,834766,2789,63,2852
Jharkhand,Giridih,758,461642,1393,2378,4016,739407,6.51,204,3136,610504,590280,967,242572,958477,2713,61,2696
Jharkhand,Dhanbad,2922,606281,2889,9560,9770,881065,2.39,298,12482,819506,667405,814,374829,1112517,8834,85,3825
Jharkhand,Dumka,597,331406,686,1604,1878,469632,21.76,479,2201,401714,399215,994,186899,614139,1381,135,1182
Jharkhand,Jamtara,620,192568,646,1790,1787,273215,14.94,360,2410,251067,214653,855,107587,358196,1490,122,942
Jharkhand,Sahebganj,985,192495,1120,2101,2485,315406,4.67,144,3086,279106,228735,820,103237,404664,2326,66,1279
Jharkhand,Pakur,385,183474,729,972,1798,264673,6.12,83,1357,237672,210413,885,91637,356510,1521,26,1006
Jharkhand,Godda,376,284210,915,838,2108,385080,26.03,316,1214,352606,316575,898,159960,509330,1191,79,1832
Jharkhand,West Singhbhum,782,290176,1204,2186,3500,500555,5.46,162,2968,406236,384345,946,187741,602990,2389,47,2315
Karnataka,Belgaum,12165,1910958,12858,18562,19516,2235658,5.93,1823,30727,2045493,2100481,1027,1137233,3009383,8595,474,23778
Karnataka,Bangalore Urban,3010,600924,1625,10796,7305,1222564,3.94,544,13806,1011260,811892,803,619680,1203808,1887,158,7042
Karnataka,Mysore,5181,1484479,2916,11284,7366,1469815,5.73,944,16466,1431976,1521783,1063,960994,1993300,3582,268,6699
Karnataka,Gulbarga,3543,747217,3840,8432,8804,982654,10.9,1305,11975,868940,860659,990,516825,1213046,5091,426,7553
Karnataka,Chitradurga,1905,789576,2470,5645,6024,641984,9.01,680,7550,692118,739175,1068,512053,919507,4516,227,3977
Karnataka,Dakshina Kannada,2540,1075178,1737,5046,4288,1154642,8.36,634,7586,1111154,1118150,1006,721176,1508644,1006,159,5019
Karnataka,Bagalkot,17620,760074,8778,23900,11204,796403,2.48,1029,41521,751982,804326,1070,487142,1069335,4081,279,15900
Karnataka,Chamarajanagar,5290,466756,2367,3585,2004,436335,7.94,705,8875,420921,481976,1145,267178,635913,416,191,3955
Karnataka,Bidar,5404,620242,2728,10187,4558,683924,2.66,415,15605,640239,663772,1037,424649,879517,1984,153,5302
Karnataka,Chikamagalur,2164,584052,1517,2902,2079,445549,8.57,434,5066,495508,533976,1078,312314,717287,1626,132,1970
Karnataka,Bellary,7304,1048677,6044,12838,11790,1271939,5.73,1155,20145,1154086,1166062,1010,690767,1629849,8861,292,8971
Karnataka,Davanagere,8755,678579,2925,14052,5481,667987,3.74,853,22807,656912,689380,1049,395635,950931,3653,237,4752
Karnataka,Bangalore Rural,2109,408359,1549,6071,4614,573792,4.03,330,8180,542173,439769,811,324421,657730,1981,87,4182
Karnataka,Kolar,3648,647143,3526,4948,4617,806738,6.21,534,8596,737425,716241,971,523200,930681,2184,177,5959
Karnataka,Dharwad,2435,715785,2498,5471,6298,897920,9.03,714,7906,816391,797077,976,462143,1151562,3009,206,5787
Karnataka,Haveri,2188,575059,2549,3279,3869,677473,12.86,703,5467,614140,638252,1039,287402,965130,1916,180,4502
Karnataka,Gadag,4546,461754,2968,8449,6252,468255,4.19,545,12995,446727,483133,1081,283991,646018,6238,286,2981
Karnataka,Uttar Kannada,3609,720279,3142,2763,2970,675145,8.76,558,6372,701186,694076,990,434763,960661,1436,148,4676
Karnataka,Koppal,2891,495866,2170,6173,4872,599664,8.56,776,9064,523933,571411,1091,329782,765748,3036,257,4005
Karnataka,Kodagu,920,293511,517,1485,995,270499,10.19,245,2405,274995,288933,1051,184117,379893,379,68,1133
Karnataka,Raichur,3157,566725,3191,8424,7727,742013,3.88,449,11581,627083,681496,1087,363755,944983,6293,131,4625
Karnataka,Yadgir,1013,391788,1671,2594,5484,492791,14.22,513,3607,425632,458854,1078,299278,585301,3836,160,3317
Karnataka,Udupi,4062,734527,1555,3452,2040,633947,7.0,526,7514,653446,714847,1094,456508,911966,583,145,3011
Karnataka,Shimoga,5007,800152,3027,9012,6223,752561,4.86,681,14019,757146,795416,1051,455994,1096719,5783,170,3466
Karnataka,Tumkur,9745,1212216,6856,12373,9919,1082246,3.72,822,22118,1112226,1181871,1063,708408,1586054,6486,174,10288
Karnataka,Hassan,6673,882859,4061,8195,4508,813178,6.34,942,14868,806811,888957,1102,501038,1194999,2073,258,6496
Karnataka,Mandya,4579,969838,3667,4633,4106,754538,9.42,868,9212,793674,930401,1172,569136,1155240,1445,248,6327
Karnataka,Chikkaballapur,3715,635129,3284,5729,5370,623399,4.62,436,9444,616966,641395,1040,437063,821465,2594,144,6060
Karnataka,Ramanagara,2340,590907,1741,4152,3832,539539,8.9,578,6492,547001,583257,1066,399942,730504,1432,154,4141
Karnataka,Vijayapura,8709,827597,7491,17312,14051,972354,5.41,1409,26021,911462,888190,974,489297,1310654,12604,419,8938
Karnataka,BBMP,7924,4314249,6401,29499,28845,8071233,6.59,2467,37423,6790683,5591990,823,4585662,7799820,6720,666,28526
Kerala,Kasaragod,893,768689,721,2773,2062,592932,8.29,304,3666,659808,701489,1063,463922,897699,796,72,1987
Kerala,Thiruvananthapuram,1460,2265496,2967,2070,4217,1651090,6.52,230,3530,1860034,2055665,1105,1367481,2549105,1708,60,5476
Kerala,Kannur,2416,1558968,1453,6177,3179,1125063,5.67,487,8593,1275663,1407617,1103,814961,1869070,1326,113,3306
Kerala,Kollam,4125,1729279,2349,7347,3851,1112718,4.25,488,11472,1309945,1531295,1169,911879,1930118,1437,111,4763
Kerala,Wayanad,902,565691,754,3199,2646,455840,5.34,219,4101,497586,523719,1053,367894,653637,600,56,2800
Kerala,Pathanamthitta,2164,1070629,1741,3146,2415,568235,6.21,330,5310,768879,869701,1131,598959,1039905,872,73,3284
Kerala,Alappuzha,3404,1417462,2233,5902,3733,819315,6.17,574,9306,1053845,1182445,1122,734126,1502651,1042,129,4924
Kerala,Malappuram,6326,1860880,4520,14098,10390,1886354,3.07,626,20424,1845241,1900794,1030,975499,2771735,7209,144,7700
Kerala,Thrissur,4201,2027916,3061,9195,5553,1323607,4.36,584,13396,1577722,1773017,1124,1081134,2270389,1520,128,7093
Kerala,Kottayam,2279,1356392,1347,5265,3045,818283,5.51,416,7544,1064730,1109438,1042,710909,1463766,859,100,3533
Kerala,Kozhikode,4109,1918430,2787,7437,4985,1419019,4.62,534,11546,1611908,1724619,1070,1028825,2308624,2456,120,5315
Kerala,Idukki,2140,756269,1028,4255,1890,506578,4.77,305,6395,629768,632782,1005,411136,851711,834,73,2084
Kerala,Ernakulam,8703,2488565,6024,15090,10476,1949686,3.81,907,23793,2239611,2197842,981,1527060,2911191,3564,211,12936
Kerala,Palakkad,4749,1549657,3657,9454,7591,1199311,3.5,497,14203,1312932,1435379,1093,788431,1960537,2707,104,8541
Ladakh,Kargil,80,58111,35,207,286,87958,8.01,23,287,77154,68894,893,59373,86696,42,8,278
Ladakh,Leh,38,73888,35,255,472,131473,5.8,17,293,124071,81270,655,84930,120431,132,4,374
Lakshadweep,Lakshadweep,48,43674,45,144,157,55109,9.38,18,192,52638,46140,877,43789,54994,15,9,187
Madhya Pradesh,Bhopal,1426,1109834,1421,5807,5200,1942519,12.12,877,7233,1669307,1382348,828,1079981,1972372,1077,274,5544
Madhya Pradesh,Gwalior,2477,774759,1711,4621,3763,1261359,13.83,982,7098,1107784,927890,838,621395,1414723,990,239,4483
Madhya Pradesh,Indore,1905,1627785,1491,8462,7173,2900275,8.13,843,10367,2437535,2089519,857,1619088,2908972,951,231,7712
Madhya Pradesh,Jabalpur,3409,1094162,3337,7249,6022,1642338,9.5,1012,10658,1413779,1322099,935,831412,1905088,1376,227,7982
Madhya Pradesh,Rewa,2035,861434,1372,3219,2714,1186842,12.3,646,5254,1072986,974946,909,459963,1588313,1834,183,2252
Madhya Pradesh,Sagar,3916,856182,1791,5292,3202,1267167,3.28,302,9208,1146631,976323,851,601905,1521444,868,69,4124
Madhya Pradesh,Ujjain,1415,853356,974,4549,2980,1290670,14.35,856,5964,1109683,1033880,932,717677,1426349,701,276,3252
Madhya Pradesh,Mandsaur,1374,451984,848,3352,2185,744414,9.82,464,4726,620648,575355,927,258239,938159,361,105,2671
Madhya Pradesh,Agar,403,197248,177,1104,476,320127,14.8,223,1507,277480,239655,864,97717,419658,76,75,576
Madhya Pradesh,Shajapur,779,327051,594,1478,1239,480464,11.65,263,2257,423204,383982,907,195447,612068,174,73,1658
Madhya Pradesh,Ratlam,782,519072,567,2904,1779,838145,9.6,354,3686,702725,654129,931,344720,1012497,220,105,2125
Madhya Pradesh,Neemuch,345,301885,271,1025,808,461185,22.63,310,1370,397356,365526,920,188677,574393,152,85,926
Madhya Pradesh,Dewas,704,522425,468,1764,1296,863625,17.1,422,2468,728174,657300,903,392319,993731,254,98,1510
Madhya Pradesh,Tikamgarh,792,442413,670,2111,1858,695896,20.22,587,2903,624265,513826,823,234510,903799,602,196,1926
Madhya Pradesh,Panna,593,275460,822,1191,1418,437959,19.96,356,1784,391250,322053,823,126429,586990,590,195,1650
Madhya Pradesh,Damoh,2047,416606,1094,4335,2609,628356,8.27,528,6382,547938,496866,907,240246,804716,1155,192,2547
Madhya Pradesh,Chhatarpur,1255,519485,1074,3223,2797,822478,15.01,672,4478,736375,605093,822,265080,1076883,983,215,2887
Madhya Pradesh,Umaria,2891,216072,1938,3993,2192,344751,4.15,286,6884,291896,268820,921,112648,448175,249,58,3881
Madhya Pradesh,Singrauli,834,307574,476,2896,1841,605114,13.14,490,3730,522651,389883,746,183014,729674,648,135,1668
Madhya Pradesh,Sidhi,4044,326533,1423,4151,1866,511003,3.11,255,8195,437420,400011,914,168193,669343,637,55,2651
Madhya Pradesh,Shahdol,1435,379890,597,2660,1429,604541,12.82,525,4095,515650,468691,909,284551,699880,299,175,1727
Madhya Pradesh,Satna,3049,745333,1853,6207,4060,1082385,6.96,644,9256,977093,850290,870,348206,1479512,2520,185,3393
Madhya Pradesh,Anuppur,1150,219725,520,3177,1397,373984,6.54,283,4327,301193,292445,971,120157,473552,358,88,1559
Madhya Pradesh,Mandla,1256,325032,732,2556,1667,501890,4.93,188,3812,406280,420549,1035,153214,673708,557,50,1841
Madhya Pradesh,Dindori,1067,246122,647,1894,1196,367028,14.15,419,2961,303294,309784,1021,144646,468504,229,123,1614
Madhya Pradesh,Chhindwara,2627,764886,5534,4461,11844,1253556,11.03,782,7088,1043877,974055,933,413498,1604944,12721,222,4657
Madhya Pradesh,Balaghat,4424,685823,1815,6425,3473,922844,5.36,581,10849,790320,818088,1035,382145,1226522,1434,123,3853
Madhya Pradesh,Khandwa,1173,444006,711,2408,1415,684677,19.24,689,3581,581086,547425,942,271045,857638,428,204,1697
Madhya Pradesh,Jhabua,854,237491,423,2288,1254,496830,14.58,458,3142,374298,359961,962,137333,596988,533,201,1144
Madhya Pradesh,Dhar,905,592036,615,1621,1761,1175446,9.26,234,2526,931882,835168,896,411409,1356073,503,59,1872
Madhya Pradesh,Burhanpur,270,274553,200,699,576,414834,45.51,441,969,362624,326636,901,201709,487678,210,115,566
Madhya Pradesh,Barwani,517,324391,426,1575,1300,644182,24.28,508,2092,504071,464349,921,185566,783007,456,215,1270
Madhya Pradesh,Khargone,1112,516004,863,2426,2024,902272,18.99,672,3538,735351,682597,928,285346,1132930,653,197,2234
Madhya Pradesh,Shivpuri,974,475967,673,2481,1779,907967,20.12,695,3455,747733,635988,851,292395,1091539,462,201,1990
Madhya Pradesh,Sheopur,780,167958,421,1541,1052,332808,8.14,189,2321,267002,233670,875,97312,403454,324,86,1149
Madhya Pradesh,Morena,1416,611793,853,3217,2295,1036388,15.48,717,4633,908648,739254,814,377953,1270228,618,189,2529
Madhya Pradesh,Guna,378,364682,292,1510,1289,651470,10.7,202,1888,548353,467609,853,211261,804891,277,59,1304
Madhya Pradesh,Seoni,947,473811,1080,2438,2560,729542,16.4,555,3385,603962,599204,992,266129,937224,621,180,3018
Madhya Pradesh,Datia,1239,310307,1363,2913,2030,441223,8.38,348,4152,405572,345796,853,202367,549163,340,95,3052
Madhya Pradesh,Bhind,1431,538209,1449,2901,2422,765298,6.42,278,4332,712309,590865,830,278772,1024735,569,72,3301
Madhya Pradesh,Narsinghpur,1165,419549,648,2491,1502,604841,9.68,354,3656,538451,485762,902,229362,795028,186,87,1964
Madhya Pradesh,Katni,3857,425161,2279,2322,1686,653622,3.41,211,6179,566435,512141,904,227424,851359,552,71,3412
Madhya Pradesh,Ashoknagar,305,249805,181,1025,597,447540,28.57,380,1330,374116,323080,864,149849,547496,143,110,635
Madhya Pradesh,Vidisha,715,482902,653,1873,1848,770525,13.99,362,2588,672146,581050,864,296025,957402,244,84,2257
Madhya Pradesh,Sehore,511,471991,313,1668,1233,766913,15.19,331,2179,659472,579182,878,336748,902156,242,85,1303
Madhya Pradesh,Alirajpur,440,168143,310,1026,841,295277,35.74,524,1466,244903,218479,892,98139,365281,373,178,777
Madhya Pradesh,Rajgarh,1071,514407,629,2221,1581,855280,9.96,328,3292,719336,650055,904,354121,1015566,547,91,1662
Madhya Pradesh,Raisen,554,402161,430,1507,1189,740484,25.67,529,2061,621054,521429,840,268135,874510,297,125,1322
Madhya Pradesh,Hoshangabad,603,450102,444,1439,1052,692171,11.17,228,2042,601308,540721,899,285187,857086,196,62,1300
Madhya Pradesh,Harda,450,196990,217,911,471,306635,16.83,229,1361,267287,236253,884,112171,391454,148,67,540
Madhya Pradesh,Betul,537,516230,637,1608,1720,800859,36.13,775,2145,681390,635512,933,282482,1034607,507,256,1850
Maharashtra,Pune,14088,4519432,8968,60118,46641,6700186,4.32,3204,74206,6305378,4911824,779,3786307,7433311,22256,799,33353
Maharashtra,Akola,2552,544195,1930,5183,4346,455808,9.11,705,7735,522225,477616,915,321673,678330,3495,142,2781
Maharashtra,Nagpur,10422,1978409,5653,29253,18101,1966941,4.57,1815,39675,2050054,1894650,924,1218497,2726853,11479,428,12275
Maharashtra,Amravati,6367,905718,2762,11037,5473,712526,3.14,546,17404,834233,783784,940,485049,1133195,4606,153,3629
Maharashtra,Buldhana,5072,804942,3681,10162,7222,666863,5.29,806,15234,770699,700914,909,445066,1026739,6453,204,4449
Maharashtra,Yavatmal,4070,779819,4085,8849,8429,706283,6.28,811,12919,778150,707647,909,419858,1066244,7568,223,4945
Maharashtra,Washim,753,417906,791,1643,1761,367289,13.52,324,2396,413072,372035,901,272670,512525,1267,127,1285
Maharashtra,Bhandara,4461,568882,2239,7762,4308,582679,4.15,507,12223,562312,589102,1048,354673,796888,2281,182,4265
Maharashtra,Kolhapur,5716,2033252,5319,12478,12265,1387690,4.45,810,18200,1738438,1681773,967,985792,2435150,12345,270,5238
Maharashtra,Ratnagiri,7025,661294,6217,7748,7800,555923,3.64,537,14773,619781,597324,964,364110,853107,10423,155,3594
Maharashtra,Sangli,3687,1353279,3328,7063,5276,1073539,4.65,500,10750,1234322,1192121,966,694530,1732288,4240,379,4364
Maharashtra,Sindhudurg,1783,453058,2023,2899,3363,312178,15.76,738,4682,389620,375522,964,263566,501670,3311,162,2075
Maharashtra,Solapur,15426,1257135,7308,28159,13483,1246321,2.07,904,43586,1343233,1159689,863,593853,1909603,15755,225,5035
Maharashtra,Satara,6967,1490861,4856,11916,8969,1159410,8.4,1587,18883,1346197,1303638,968,783421,1866850,7892,397,5933
Maharashtra,Wardha,2196,537411,1636,4173,3148,432323,6.77,431,6369,489770,479855,980,273672,696062,2843,114,1941
Maharashtra,Gondia,7908,622674,4655,13495,8453,595216,3.91,837,21403,584839,632912,1082,389644,828246,5606,247,7502
Maharashtra,Gadchiroli,2528,306185,3280,4680,6161,357621,2.8,202,7208,341134,322575,946,186809,476997,4158,96,5282
Maharashtra,Chandrapur,6639,804279,2846,13076,6005,800340,5.35,1055,19715,831346,773081,930,391484,1213135,5228,269,3623
Maharashtra,Osmanabad,2088,539139,1708,4362,3509,430808,7.6,490,6450,518281,451516,871,277255,692692,3602,118,1615
Maharashtra,Nanded,4268,812007,4121,9071,8294,814333,9.25,1236,13364,844816,781295,925,441335,1185005,7940,390,4475
Maharashtra,Latur,5467,724289,3177,11074,6578,661515,6.64,1099,16541,731833,653767,893,415029,970775,5557,279,4198
Maharashtra,Beed,5211,779630,4563,9573,7321,650070,4.86,719,14791,767024,662441,864,411457,1018243,6698,248,5185
Maharashtra,Parbhani,3703,547032,2396,7238,4651,548707,8.13,889,10941,569626,526000,923,325693,770046,4429,238,2618
Maharashtra,Hingoli,2215,297894,1334,3967,2432,318451,8.7,538,6182,320815,295442,921,162956,453389,2232,173,1533
Maharashtra,Nandurbar,3627,507806,2773,6849,5823,461321,4.62,484,10476,510714,458301,897,305022,664105,5091,143,3504
Maharashtra,Dhule,2374,658310,3407,5124,6574,673515,5.89,442,7498,689636,641920,931,414002,917823,5437,116,4543
Maharashtra,Nashik,18255,1884159,12393,42848,29743,2251248,3.63,2217,61103,2248145,1886603,839,1127818,3007589,29537,631,12599
Maharashtra,Jalgaon,8023,1296598,8143,14887,15313,1278261,6.07,1392,22918,1341184,1233271,920,636611,1938248,17404,342,6051
Maharashtra,Ahmednagar,11106,1540467,10362,21498,20655,1525461,5.42,1766,32604,1650323,1415091,857,795525,2270403,22345,568,8672
Maharashtra,Thane,16950,3088228,13752,58007,51231,4324956,2.94,2203,74957,4121803,3289212,798,2411146,5002038,41094,646,23888
Maharashtra,Raigad,7870,1011026,6380,19764,16977,1368817,3.79,1046,27634,1344430,1034929,770,682424,1697419,16445,307,6912
Maharashtra,Palghar,8703,866985,5976,28199,18782,1351342,2.11,778,36902,1214457,1003387,826,576766,1641561,18235,181,6523
Maharashtra,Mumbai,17968,5704424,15798,71456,63182,7996935,2.0,1786,89424,7897289,5800768,735,4910557,8790802,32212,487,46768
Maharashtra,Jalna,2184,612082,1685,5353,4158,662501,10.92,823,7537,669593,604813,903,356333,918250,3490,204,2353
Maharashtra,Aurangabad ,6904,1019710,4033,17385,11759,1218768,2.27,551,24289,1248311,989682,793,622510,1615968,9283,247,6509
Manipur,Bishnupur,494,76735,268,1024,594,94211,2.11,32,1518,85937,84968,989,43688,127258,58,10,803
Manipur,Chandel,35,14275,20,82,60,23975,11.11,13,117,22436,15812,705,11866,26384,6,4,73
Manipur,Churachandpur,161,55977,137,484,387,98748,5.43,35,645,81800,72892,891,51425,103300,45,9,478
Manipur,Imphal East,646,160415,426,1775,1099,202060,3.68,89,2421,191353,171005,894,114517,247958,128,19,1397
Manipur,Imphal West,1535,200905,718,3377,1567,257299,2.61,128,4912,240292,217755,906,154222,303982,215,34,2070
Manipur,Senapati,103,12425,82,324,241,27689,7.73,33,427,24097,16010,664,12813,27301,48,7,275
Manipur,Tamenglong,50,9688,17,199,80,18161,8.43,21,249,17036,10813,635,8231,19618,11,4,86
Manipur,Thoubal,402,81308,163,980,449,107339,6.37,88,1382,99070,89539,904,48109,140538,45,17,566
Manipur,Ukhrul,35,12401,35,99,87,20016,4.48,6,134,19389,13025,672,11244,21173,36,2,85
Manipur,Tengnoupal,20,11902,36,63,86,23607,20.48,17,83,21160,14348,678,9475,26034,9,3,112
Manipur,Kangpokpi,28,18477,46,133,174,34900,11.8,19,161,28568,24793,868,15017,38360,26,4,193
Manipur,Kamjong,34,4885,30,90,59,8977,4.84,6,124,8180,5677,694,3670,10192,11,3,78
Manipur,Jiribam,114,14531,65,225,157,26588,3.24,11,339,23568,17537,744,13361,27758,11,2,210
Manipur,Pherzawl,18,8538,12,41,31,11090,18.64,11,59,10071,9557,949,7471,12157,4,2,40
Manipur,Noney,22,8291,17,89,75,15677,17.12,19,111,15435,8528,553,7348,16620,10,4,82
Manipur,Kakching,228,57114,188,391,404,68103,3.39,21,619,63368,61816,976,41512,83705,49,7,543
Meghalaya,East Khasi Hills,383,164754,296,2023,1789,344288,12.22,294,2406,262075,246897,942,195577,313465,289,79,1796
Meghalaya,South West Khasi Hills,17,16569,28,139,110,31272,15.38,24,156,25850,21983,850,14684,33157,15,4,123
Meghalaya,West Jaintia Hills,90,40616,70,708,547,80892,11.53,92,798,59491,62005,1042,38180,83328,86,32,532
Meghalaya,Ri-Bhoi,141,40535,105,689,524,87616,7.23,60,830,70503,57633,817,38602,89549,141,25,488
Meghalaya,East Jaintia Hills,53,26086,50,387,313,63366,4.55,20,440,55832,33608,602,26202,63250,60,14,302
Meghalaya,West Khasi Hills,51,43897,45,325,273,69672,19.68,74,376,57024,56534,991,37951,75618,73,53,245
Meghalaya,West Garo Hills,219,119963,244,1240,1325,183020,10.96,160,1460,156397,146533,937,96987,205996,197,57,1373
Meghalaya,South Garo Hills,13,22391,22,152,118,32298,39.39,65,165,29299,25384,866,15548,39141,34,21,105
Meghalaya,South West Garo Hills,124,44556,87,537,375,56586,8.93,59,661,50738,50379,993,29751,71391,88,27,373
Meghalaya,North Garo Hills,120,31130,65,493,315,49234,15.82,97,613,41806,38554,922,19343,61021,62,61,318
Meghalaya,East Garo Hills,37,23594,26,217,184,39743,25.98,66,254,34775,28557,821,16817,46520,54,33,156
Mizoram,Aizawl East,249,123913,170,1208,985,202632,2.26,33,1457,163232,163283,1000,139922,186623,106,8,1048
Mizoram,Aizawl West,114,82583,56,273,294,132814,3.36,13,387,102464,112906,1102,87956,127441,32,3,318
Mizoram,Mamit,0,28377,25,0,159,40237,0.0,0,0,35919,32680,910,25392,43222,13,0,170
Mizoram,Kolasib,19,32345,34,195,372,48343,2.8,6,214,39886,40785,1023,30682,50006,65,1,341
Mizoram,Champhai,72,52820,35,835,469,70539,1.43,13,907,60947,62375,1023,49996,73363,59,4,445
Mizoram,Serchhip,39,29686,19,172,163,46402,4.27,9,211,39165,36902,942,34282,41806,11,2,171
Mizoram,Lunglei,345,62626,120,1783,797,99174,0.56,12,2128,83113,78634,946,67251,94549,234,6,683
Mizoram,Lawngtlai,21,25223,14,179,165,46687,5.0,10,200,37831,34064,900,20975,50935,44,2,134
Mizoram,Siaha,0,19802,20,0,137,32088,0.0,0,0,26179,25700,982,17543,34347,16,0,141
Nagaland,Dimapur,671,117974,461,3242,2257,282662,2.22,87,3913,226778,173776,766,139895,260741,528,21,2190
Nagaland,Peren,25,10478,24,92,99,20153,19.66,23,117,18133,12496,689,11166,19465,28,6,94
Nagaland,Wokha,45,23844,28,181,124,32164,15.04,34,226,30276,25720,850,21220,34788,23,9,129
Nagaland,Mokokchung,111,50017,128,383,374,66506,5.26,26,494,61466,55043,896,47910,68613,46,6,455
Nagaland,Longleng,34,13529,20,146,69,21791,5.56,10,180,19626,15689,799,14827,20493,10,3,79
Nagaland,Mon,119,43576,118,571,407,67945,4.35,30,690,62130,49376,795,42240,69281,46,10,478
Nagaland,Tuensang,228,21106,75,682,225,37241,6.59,60,910,35049,23297,665,21137,37210,42,15,257
Nagaland,Kohima,204,52178,127,1044,731,125085,2.56,32,1248,98725,78504,795,73026,104237,108,10,750
Nagaland,Zunheboto,190,23210,74,293,148,34159,11.8,57,483,31491,25878,822,19836,37533,20,16,201
Nagaland,Phek,30,18255,21,204,105,31328,6.84,16,234,29957,19620,655,18673,30910,21,5,105
Nagaland,Kiphire,44,7233,39,189,70,12407,3.0,7,233,12610,7028,557,6850,12790,10,3,98
Odisha,Angul,4702,426374,2622,10635,5972,488438,1.34,205,15355,496996,417585,840,235084,679728,6123,55,2470
Odisha,Khurda,7005,1308053,4603,14542,11187,2016038,2.33,503,21547,1805221,1517972,841,1381910,1942181,7781,123,8008
Odisha,Balasore,6098,939980,2695,26128,7777,672360,1.37,442,32228,808208,803776,995,469338,1143002,8376,118,2095
Odisha,Balangir,3936,502445,2699,6547,4939,603436,4.17,437,10483,573932,531732,926,208339,897542,4749,100,2888
Odisha,Ganjam,9707,1581077,8109,23431,19161,1979153,2.03,672,33138,1657123,1902316,1148,1415633,2144597,6203,163,21066
Odisha,Kandhamal,564,244246,1037,1484,1735,234940,3.03,62,2048,229744,249327,1085,123722,355464,1453,15,1318
Odisha,Koraput,1323,556947,2030,2558,4104,575004,4.61,179,3881,547364,584239,1067,313431,818520,3324,58,2810
Odisha,Sambalpur,1651,457522,2144,4094,4648,630346,4.26,245,5745,568669,519003,913,344691,743177,2524,68,4267
Odisha,Sundargarh,2457,629373,2297,5809,4993,877946,3.68,304,8266,770074,736964,957,436534,1070785,4264,81,3025
Odisha,Bhadrak,5978,608877,2753,6748,3857,645458,2.39,304,12726,624247,629700,1009,280903,973432,4395,72,2215
Odisha,Kendujhar,5908,599458,2331,14773,5710,667675,1.3,268,20692,645377,621543,963,278249,988884,5330,70,2711
Odisha,Mayurbhanj,6780,654568,2238,17516,5514,698768,1.68,409,24311,663329,689774,1040,326040,1027296,5294,97,2457
Odisha,Cuttack,5634,899583,3022,13465,7025,905365,2.2,420,19100,969279,835196,862,597609,1207339,5303,113,4743
Odisha,Dhenkanal,2963,438887,1503,7177,4020,463691,2.85,290,10160,478656,423751,885,225514,677064,3223,66,2299
Odisha,Jagatsinghpur,5224,431088,2181,12740,4989,350066,2.59,466,17964,410493,370477,903,227792,553362,5368,93,1802
Odisha,Jajpur,3634,671065,1803,12150,6893,617559,1.11,175,15785,682218,606025,888,308907,979717,6040,34,2655
Odisha,Kendrapara,4899,572454,2207,10244,4595,520139,3.94,597,15143,536459,555855,1036,275960,816633,4900,110,1902
Odisha,Nayagarh,2053,400995,1534,3244,2478,336672,1.5,80,5340,368120,369447,1004,176893,560774,2530,24,1482
Odisha,Puri,2890,733136,2695,4862,4845,702962,3.2,248,7752,736148,699512,950,427016,1009082,3653,54,3887
Odisha,Kalahandi,5201,515899,2329,10119,4204,522556,1.63,249,15321,532596,505704,950,244349,794106,4771,69,1761
Odisha,Nuapada,556,218080,630,1268,1446,269521,10.75,196,1824,246277,241247,980,95685,391916,1016,48,1060
Odisha,Subarnapur,2090,257347,1810,2326,1916,278964,5.3,234,4416,272919,263289,965,133812,402499,1740,53,1986
Odisha,Gajapati,556,173484,603,1152,1115,199173,3.04,52,1708,182895,189672,1037,93509,279148,643,22,1075
Odisha,Boudh,473,158424,784,682,1270,151986,3.9,45,1155,163132,147220,902,66389,244021,1311,15,742
Odisha,Malkangiri,598,196037,1365,1677,2190,243631,3.74,85,2275,214413,225177,1050,107929,331739,2088,23,1466
Odisha,Nabarangpur,1974,330825,1769,4543,3576,439984,3.73,243,6517,372702,397997,1068,141277,629532,3553,68,1792
Odisha,Rayagada,528,305446,987,1766,2293,379059,9.18,211,2299,329869,354495,1075,151312,533193,2003,55,1277
Odisha,Bargarh,5351,469661,1865,10487,3721,479322,1.46,231,15839,490803,457959,933,229229,719754,4204,61,1381
Odisha,Deogarh,624,118202,441,1469,910,153199,6.44,135,2095,138217,133148,963,52318,219083,720,49,630
Odisha,Jharsuguda,446,220560,551,1658,1516,324830,4.56,96,2104,303878,241391,794,159936,385454,928,31,1138
Puducherry,Puducherry,1600,361774,1042,2917,2139,446107,3.39,153,4517,397496,410196,1032,264996,542885,932,40,2249
Puducherry,Karaikal,259,74033,202,593,474,85406,6.81,58,852,74354,85055,1144,50031,109408,146,14,530
Puducherry,Mahe,52,30514,37,160,109,26634,8.49,18,212,25506,31639,1240,23436,33712,27,3,117
Puducherry,Yanam,88,16960,69,182,164,25630,3.7,10,270,20763,21822,1051,13047,29543,50,3,183
Punjab,Kapurthala,840,305898,1385,1654,2590,298708,7.46,186,2494,317652,286879,903,165298,439308,2310,41,1664
Punjab,Ferozpur,1404,257706,1931,2616,3497,311744,7.46,300,4020,300082,269285,897,113132,456318,3640,99,1787
Punjab,Hoshiarpur,1501,745872,2175,3103,4254,745989,6.21,286,4604,755736,735932,974,513196,978665,1686,96,4742
Punjab,Mansa,1394,187564,1010,1979,1558,243310,8.51,287,3373,232163,198673,856,77120,353754,1625,99,943
Punjab,Barnala,1027,182284,879,1815,1547,205239,5.91,168,2842,210215,177275,843,89006,298517,1560,56,865
Punjab,Fatehgarh Sahib,1094,207025,993,1632,1737,257438,9.32,254,2726,259443,204957,790,118524,345939,1221,58,1507
Punjab,Amritsar,1675,733877,3051,3632,6284,848711,5.9,313,5307,844498,737905,874,395088,1187500,5815,136,3520
Punjab,Pathankot,337,306575,323,944,958,295085,10.85,139,1281,308072,293498,953,181762,419898,462,47,818
Punjab,Fazilka,1490,248410,1786,2847,3437,320182,5.37,233,4337,305026,263476,864,112498,456094,3668,65,1555
Punjab,Ludhiana,8115,1308929,7518,20116,20026,1811922,3.01,849,28231,1885220,1235188,655,828551,2292300,18149,242,9395
Punjab,Gurdaspur,3076,636918,1865,5200,3272,532730,5.85,484,8276,602027,567463,943,352336,817312,2354,223,2782
Punjab,Sri Muktsar Sahib,787,262803,1098,1320,1820,320452,7.26,153,2107,312911,270255,864,124766,458489,1602,60,1315
Punjab,Moga,2011,319078,2399,2974,3938,363485,6.52,325,4985,364042,318440,875,159008,523555,3692,105,2645
Punjab,Jalandhar,2560,980946,3209,6080,8085,1014889,3.05,264,8646,1073994,921596,858,615046,1380789,5517,138,5775
Punjab,Bathinda,849,330490,1577,1731,2748,440333,4.65,120,2580,431685,339026,785,179299,591524,2607,37,1718
Punjab,Patiala,3078,629449,2890,5704,5869,754125,5.9,518,8782,746461,636924,853,364549,1019025,5233,170,3526
Punjab,Tarn Taran,1485,326441,1709,2546,3195,390453,7.42,299,4031,371075,345735,932,153730,563164,3062,106,1841
Punjab,SAS Nagar,788,424847,850,2221,2714,805601,8.01,241,3009,724228,506086,699,373977,856471,1466,65,2098
Punjab,Rup Nagar,672,253364,909,1271,1661,289285,13.6,267,1963,286220,256376,896,165350,377299,905,84,1664
Punjab,Sangrur,1736,406881,2490,2859,4219,472423,8.81,405,4595,475958,403261,847,193149,686155,4460,107,2248
Punjab,Faridkot,508,217462,705,1026,1372,217742,10.82,166,1534,229328,205801,897,115448,319756,1103,56,973
Punjab,SBS Nagar,617,280039,610,1169,1340,262876,9.18,164,1786,275399,267461,971,159325,383590,875,52,1074
Rajasthan,Bikaner,944,898166,1751,3629,5907,1192391,11.96,547,4573,1118875,971223,868,654137,1436420,2965,143,4692
Rajasthan,Jodhpur,3486,1409319,2960,9497,9781,1811792,8.06,1047,12983,1698353,1522013,896,980527,2240584,5346,281,7394
Rajasthan,Kota,2033,814770,2563,3567,3797,1034848,11.25,630,5600,984406,864790,878,588697,1260921,1236,223,5124
Rajasthan,Udaipur,3131,1049388,3805,6576,8506,1330917,11.36,1103,9707,1212705,1167232,963,719214,1661091,4867,369,7443
Rajasthan,Jaipur I,834,1586797,4296,3397,16137,2306565,6.59,279,4231,2138017,1754302,821,1198853,2694509,9360,106,11073
Rajasthan,Jaipur II,505,984599,1240,2354,6367,1643976,6.68,191,2859,1436433,1191500,829,820016,1808559,2575,60,5032
Rajasthan,Ajmer,3047,1156875,4232,7717,12500,1498610,5.82,626,10764,1346408,1308563,972,925718,1729767,3712,172,13020
Rajasthan,Bharatpur,677,845816,1741,1888,4927,900354,16.18,415,2565,917366,828500,903,476051,1270119,2652,117,4015
Rajasthan,Sri Ganganagar,2623,798962,2423,6507,6501,919084,10.84,990,9130,902477,815238,903,467134,1250912,4726,248,4196
Rajasthan,Jhunjhunu,2048,1017374,3636,3375,5674,1094186,10.46,567,5423,1031554,1079567,1047,688058,1423502,2400,186,6909
Rajasthan,Dausa,1387,534006,1770,4113,5120,704245,9.98,549,5501,654308,583745,892,315502,922749,2064,176,4826
Rajasthan,Alwar,2691,1457863,5128,8634,16300,1657187,12.22,1384,11326,1685052,1429319,848,942824,2172226,10412,343,11015
Rajasthan,Sikar,1492,1170331,933,4310,3554,1437155,11.51,668,5802,1302805,1304062,1001,779394,1828092,1077,155,3410
Rajasthan,Bundi,1620,481027,1659,3086,4584,479972,13.68,644,4706,497974,462809,929,290837,670162,2637,196,3606
Rajasthan,Jhalawar,1233,565314,927,2884,2170,664208,7.85,323,4117,643301,586008,911,314280,915242,585,67,2511
Rajasthan,Baran,3060,446857,1961,7907,6138,529190,4.13,453,10967,509007,466853,917,242682,733365,3559,118,4539
Rajasthan,Hanumangarh,2034,797376,3330,4898,8221,929933,11.66,808,6932,900696,826310,917,512309,1215000,2742,210,8809
Rajasthan,Rajsamand,484,454811,952,1398,2664,493013,12.11,228,1882,466313,481335,1032,266139,681685,1328,65,2288
Rajasthan,Banswara,3307,664862,6301,7312,11138,718095,2.74,291,10619,691263,691448,1000,409929,973028,5840,59,11597
Rajasthan,Dungarpur,3247,466391,2315,7175,5275,523713,11.11,1158,10422,463336,526620,1137,281165,708939,2868,357,4723
Rajasthan,Chittorgarh,2770,639492,2057,5427,5301,692034,15.16,1243,8197,691879,639453,924,380271,951255,2382,309,4976
Rajasthan,Pratapgarh,3094,354644,4219,7967,7998,528605,1.44,159,11061,444573,438541,986,288652,594597,5055,44,7161
Rajasthan,Bhilwara,1425,959876,2370,3434,5573,1192247,7.84,381,4859,1090479,1061108,973,643485,1508638,2351,130,5592
Rajasthan,Dholpur,708,399834,961,2453,3025,493752,20.85,659,3161,465146,428307,921,246513,647073,1361,195,2625
Rajasthan,Karauli,6447,530506,3704,4127,4558,560420,2.18,231,10579,567642,523099,922,322355,768571,1899,55,6362
Rajasthan,Tonk,1250,557732,2068,3434,5704,684600,16.14,756,4684,636076,606018,953,368151,874181,1882,262,5891
Rajasthan,Jaisalmer,953,227512,662,2295,2116,346181,7.14,232,3248,317432,256170,807,165354,408339,844,64,1934
Rajasthan,Barmer,1020,919782,1260,4998,5455,1081335,7.01,422,6018,1051517,949144,903,569269,1431848,2736,128,3979
Rajasthan,Pali,1768,812690,2311,3946,6629,827797,16.91,966,5714,826557,813618,984,457164,1183323,3023,236,5917
Rajasthan,Churu,6484,812987,4300,23106,14980,945584,3.04,900,29590,880384,877816,997,486120,1272451,5697,233,13582
Rajasthan,Sirohi,3300,422277,3401,4717,4791,448486,7.52,603,8017,442572,428060,967,292225,578538,2738,175,5453
Rajasthan,Nagaur,2453,1489399,10287,4993,29898,1488465,8.25,614,7446,1476565,1500679,1016,920875,2056989,13658,137,26527
Rajasthan,Jalore,1818,605300,1481,5091,4260,681844,5.37,371,6909,650217,636634,979,327430,959714,2133,96,3608
Rajasthan,Sawai Madhopur,1360,479509,1767,2980,4068,546253,13.59,590,4340,549542,476084,866,295033,730729,1914,391,3920
Sikkim,East Sikkim,132,153028,132,1815,1900,313181,2.72,53,1947,257705,208373,809,203818,262391,98,13,1934
Sikkim,West Sikkim,9,66061,65,17,302,124664,15.38,4,26,101502,89143,878,87227,103498,29,1,337
Sikkim,North Sikkim,13,18881,19,45,82,41043,37.93,22,58,33577,26328,784,26850,33074,11,4,91
Sikkim,South Sikkim,110,79100,55,566,449,143117,3.55,24,676,120183,101935,848,101030,121187,36,8,467
Tamil Nadu,Coimbatore,563,1587341,6392,1562,12808,2001994,16.24,345,2125,1886413,1702164,902,990398,2598937,6588,84,12612
Tamil Nadu,Madurai,355,878335,6272,628,8836,1014807,14.95,147,983,890667,1002188,1125,472965,1420177,8817,29,6291
Tamil Nadu,Thanjavur,1404,680532,5669,1626,7487,792541,5.94,180,3030,671788,801003,1192,366184,1106889,6295,64,6860
Tamil Nadu,Viluppuram,672,531551,6570,1205,9006,672878,14.54,273,1877,542736,661370,1219,273652,930777,8598,67,6979
Tamil Nadu,Vellore,332,435784,3193,517,4858,524947,9.54,81,849,443116,517456,1168,258172,702559,4511,20,3540
Tamil Nadu,Kanyakumari,469,641043,4844,581,5524,740715,12.38,130,1050,653476,728071,1114,329981,1051777,5754,32,4614
Tamil Nadu,Salem,190,753846,4547,374,7276,992162,11.7,66,564,876229,869401,992,444059,1301949,5303,21,6520
Tamil Nadu,Pudukkottai,76,244867,1895,117,2372,304958,3.63,7,193,250417,299295,1195,116692,433133,1813,10,2453
Tamil Nadu,Cuddalore,948,725726,8749,1647,15642,955180,6.74,175,2595,809872,870763,1075,401884,1279022,15605,86,8786
Tamil Nadu,Tirunelveli,554,417856,4134,905,5256,555766,13.78,201,1459,459069,514422,1121,220052,753570,6181,60,3209
Tamil Nadu,Virudhunagar,70,269849,2539,138,3116,288305,15.38,32,208,243280,314700,1294,174053,384101,1948,4,3707
Tamil Nadu,Tirupattur,364,273581,1610,714,2666,394464,16.88,182,1078,299284,368625,1232,154999,513046,2426,45,1849
Tamil Nadu,Tenkasi,204,369437,3330,333,4760,494342,6.15,33,537,383022,480636,1255,177408,686371,5243,12,2846
Tamil Nadu,Kallakurichi,260,315878,2728,485,4806,490662,18.12,135,745,370125,436311,1179,172092,634448,4151,49,3383
Tamil Nadu,Tiruvannamalai,23,408649,3792,51,5164,547254,21.62,16,74,429702,525980,1224,231892,724011,3110,5,5845
Tamil Nadu,Thoothukudi (Tuticorin),233,268682,3300,390,5146,387382,5.94,37,623,315719,340235,1078,145096,510968,6284,15,2161
Tamil Nadu,Ariyalur,174,238463,4619,202,5598,294230,3.72,14,376,251648,280956,1116,109645,423048,8387,10,1830
Tamil Nadu,Dindigul,35,387398,3116,113,4401,484926,14.86,22,148,394345,477817,1212,201101,671223,3953,5,3564
Tamil Nadu,Kanchipuram,105,248463,1227,366,3773,563964,16.77,79,471,463560,348732,752,195769,616658,2448,17,2552
Tamil Nadu,Namakkal,173,609534,3621,259,4728,645991,15.74,68,432,602164,653089,1085,310511,945014,3695,20,4653
Tamil Nadu,Karur,208,369379,3217,425,3476,426979,12.16,77,633,376329,419853,1116,195473,600885,2842,20,3850
Tamil Nadu,Tiruchirappalli,121,871257,6506,239,8613,1013117,16.67,60,360,877552,1006496,1147,501999,1382375,7200,15,7918
Tamil Nadu,Sivaganga,60,397095,4119,97,5122,489202,1.91,3,157,393406,492742,1253,203215,683082,4312,4,4928
Tamil Nadu,Krishnagiri,133,484703,3168,247,6619,819016,15.79,60,380,685723,617748,901,316583,987136,4654,10,5133
Tamil Nadu,Erode,184,807546,5116,253,7036,923806,30.43,133,437,856487,874522,1021,418288,1313064,4953,27,7198
Tamil Nadu,Palani,255,309236,2378,560,3173,340331,7.98,65,815,303615,345882,1139,150145,499422,2823,24,2728
Tamil Nadu,Chengalpet,720,688882,3276,1788,7951,1048599,8.81,221,2509,888544,848655,955,496483,1240998,5591,60,5635
Tamil Nadu,Dharmapuri,225,391418,3256,411,4899,541513,10.06,64,636,437849,494860,1130,206686,726245,4467,16,3687
Tamil Nadu,Ramanathapuram,345,170427,1009,543,1748,240462,3.6,32,888,185717,225072,1212,93601,317288,1223,11,1534
Tamil Nadu,Tiruppur,209,817257,5042,442,9650,1238737,13.67,89,651,1072655,982996,916,464557,1591437,6273,23,8418
Tamil Nadu,Theni,159,391035,3251,226,4144,455184,11.69,45,385,381584,464455,1217,224578,621641,3311,57,4083
Tamil Nadu,Perambalur,10,182156,1697,32,2084,230332,19.05,8,42,184484,227935,1236,100979,311509,1769,11,2011
Tamil Nadu,Chennai,1063,2902566,8012,2846,20645,3765390,12.05,471,3909,3658446,3008424,822,2355829,4312127,11516,138,17142
Tamil Nadu,Tiruvallur,148,475595,2845,344,5935,805016,13.82,68,492,673881,606425,900,301395,979216,4997,21,3781
Tamil Nadu,Paramakudi,27,203108,1821,52,2310,225813,13.92,11,79,180617,248227,1374,113788,315133,1435,8,2695
Tamil Nadu,Tiruvarur,138,354066,2555,230,3291,429564,16.85,62,368,356535,426995,1198,182407,601223,2955,14,2891
Tamil Nadu,Poonamallee,49,197991,1075,104,2409,307542,11.11,17,153,274009,231446,845,148053,357480,1430,5,2053
Tamil Nadu,Nagapattinam,106,431003,3769,130,5246,569047,18.64,44,236,459511,540394,1176,225300,774750,4762,11,4252
Tamil Nadu,Nilgiris,217,392194,1812,339,2831,357377,9.71,54,556,364227,385227,1058,262795,486776,488,15,4155
Tamil Nadu,Attur,82,365470,2581,129,3272,341260,4.27,9,211,332118,374521,1128,175153,531577,3099,7,2753
Tamil Nadu,Sivakasi,320,388241,2975,492,4225,447462,13.3,108,812,375025,460471,1228,210546,625157,4013,43,3187
Telangana,Hyderabad,4293,1752520,2918,14179,10154,2927407,3.83,708,18472,2579327,2099867,814,1618129,3061798,2959,181,10113
Telangana,Adilabad,691,167340,937,1866,2267,232858,4.81,123,2557,197012,203107,1031,61522,338676,2794,30,410
Telangana,Bhadradri Kothagudem,2067,304722,1804,5160,4382,358828,1.98,143,7227,325216,338190,1040,150861,512689,4872,86,1314
Telangana,Jagtial,2331,339550,1862,4553,3492,312561,13.16,906,6884,293399,358578,1222,158510,493601,4243,207,1110
Telangana,Jangaon,1699,186462,860,2318,1368,177425,2.56,103,4017,172165,191657,1113,76526,287361,1433,20,795
Telangana,Jayashankar Bhupalpally,1676,167614,465,2876,788,149350,1.27,58,4552,155065,161844,1044,78584,238380,1064,15,189
Telangana,Jogulamba Gadwal,1765,134741,1710,4441,4175,158887,5.06,314,6206,146029,147513,1010,48321,245307,5452,88,432
Telangana,Kamareddy,768,347729,802,1995,1924,318371,3.87,107,2763,313535,352448,1124,152930,513170,2051,29,675
Telangana,Karimnagar,2014,469286,2221,2960,2893,432409,5.55,276,4974,448499,453030,1010,286071,615624,1637,90,3478
Telangana,Khammam,5996,456772,2885,11011,5392,535209,4.9,833,17007,480677,511130,1063,223998,767983,5225,230,3052
Telangana,Kumuram Bheem,1008,119293,1049,2240,2311,154461,10.84,352,3248,136207,137481,1009,42516,231238,3011,142,349
Telangana,Mahabubabad,1410,267873,1278,2419,2198,258247,12.82,491,3829,245947,279958,1138,121058,405062,2097,206,1378
Telangana,Mahabubnagar,1394,246855,1899,3611,4657,286546,4.3,215,5005,262678,270623,1030,117128,416273,5262,58,1294
Telangana,Mancherial,1297,254157,1514,3009,3099,315266,3.34,144,4306,283877,285423,1005,136523,432900,3536,27,1076
Telangana,Medak,848,248908,973,2156,2245,245677,4.16,125,3005,242532,251913,1039,102386,392199,2471,31,747
Telangana,Medchal,3535,1172876,3107,13788,12410,2025228,4.31,747,17323,1702145,1495292,878,1132144,2065960,4170,180,11347
Telangana,Nagarkurnool,3428,248049,3736,7063,6415,222090,1.8,189,10491,224787,245205,1091,92006,378133,8911,183,1239
Telangana,Nalgonda,3775,409238,4080,5671,6400,447777,1.74,164,9446,412329,444563,1078,185332,671683,7662,45,2818
Telangana,Nirmal,783,275328,1195,1612,2457,181570,4.8,115,2395,212196,244636,1153,115171,341727,3190,29,461
Telangana,Nizamabad,3259,444280,2725,6678,5445,487152,1.64,163,9937,432151,499164,1155,205830,725602,6431,36,1738
Telangana,Peddapalli,373,278329,735,1460,1935,313734,14.57,267,1833,297425,294562,990,161619,430444,1449,127,1220
Telangana,Rajanna Sircilla,1578,250492,767,870,801,208675,2.53,62,2448,214989,244074,1135,108086,351081,507,17,1061
Telangana,Rangareddy,4876,1084232,4245,15725,12983,2211553,3.3,679,20601,1819083,1476180,811,1100944,2194841,8539,349,8688
Telangana,Sangareddy,3211,372543,2642,7594,6354,555103,3.1,335,10805,482026,445487,924,234431,693215,6465,89,2530
Telangana,Siddipet,1719,405879,1774,4245,4119,303068,2.78,166,5964,332179,376641,1134,194038,514909,4011,71,1882
Telangana,Suryapet,3226,357082,2378,5830,4151,322077,2.25,204,9056,320417,358600,1119,153830,525329,5069,53,1460
Telangana,Vikarabad,2399,198238,2593,5258,5311,249049,4.87,373,7657,215386,231826,1076,73657,373630,6963,103,941
Telangana,Wanaparthy,1349,153930,1251,2685,2478,158391,9.32,376,4034,148697,163566,1100,61572,250749,3220,95,509
Telangana,Warangal(Rural),1384,188634,1463,2225,2190,183863,9.17,331,3609,173107,199282,1151,80270,292227,2735,115,918
Telangana,Warangal(Urban),1226,436329,1374,3262,3151,497568,10.07,452,4488,454626,479114,1054,290770,643127,2154,130,2370
Telangana,Yadadri Bhuvanagiri,993,351480,916,3433,3078,224128,2.8,124,4426,275364,300091,1090,172079,403529,2928,27,1066
Telangana,Mulugu,1559,124855,446,827,540,102319,3.52,84,2386,108104,119023,1101,53836,173338,501,16,484
Telangana,Narayanpet,1180,126762,577,1843,1015,168599,2.55,77,3023,140701,154613,1099,39406,255955,1079,17,512
Tripura,Dhalai,91,175806,373,434,1662,225446,54.29,285,525,212785,188417,885,143405,257847,45,142,1989
Tripura,Gomati,269,222501,212,521,714,204466,12.66,100,790,217564,209353,962,148337,278630,44,28,881
Tripura,Khowai,77,143664,58,444,458,156587,34.36,179,521,152543,147662,968,98991,201260,44,54,472
Tripura,North Tripura,70,208328,112,596,1106,254570,9.61,64,666,235797,227010,963,179966,282932,76,18,1141
Tripura,Sepahijala,103,245364,111,1034,1250,278968,15.22,173,1137,266679,257565,966,194184,330148,58,131,1303
Tripura,South Tripura,87,276477,65,829,569,228334,12.45,114,916,254175,250568,986,201307,303504,30,27,603
Tripura,Unakoti,74,124779,79,497,546,134798,8.58,49,571,130544,129004,988,87185,172392,33,12,591
Tripura,West Tripura,169,562362,209,1483,1853,551937,14.41,238,1652,560248,553871,989,440015,674284,141,124,1920
Uttar Pradesh,Agra,8502,994217,4084,20996,10752,1711228,2.44,721,29499,1462971,1240718,848,622656,2082789,7993,188,6843
Uttar Pradesh,Aligarh,9825,708650,4351,21229,9873,1193952,2.85,886,31054,1009621,892500,884,390064,1512538,8404,264,5819
Uttar Pradesh,Prayagraj,14982,1136488,9531,34927,21981,1962964,2.39,1191,49909,1677975,1420056,846,666965,2432487,23058,307,8453
Uttar Pradesh,Ambedkar Nagar,8146,564176,4089,13592,6980,747023,2.31,502,21738,662860,647329,977,251893,1059306,5980,139,5089
Uttar Pradesh,Amethi,3272,537547,2490,6278,5017,699883,2.41,230,9550,608469,628596,1033,283008,954422,3171,146,4336
Uttar Pradesh,Amroha,3205,400733,1936,7655,4965,632399,3.59,390,10860,556744,475960,855,207534,825598,3956,129,2945
Uttar Pradesh,Auraiya,2397,318808,1535,4162,2754,406677,9.16,601,6559,391642,333587,852,135717,589768,1967,147,2322
Uttar Pradesh,Azamgarh,11895,1007347,5962,22726,12192,1512244,2.25,779,34621,1284727,1233378,960,479986,2039605,10030,177,8123
Uttar Pradesh,Badaun,6406,641247,3804,12493,6987,883213,2.54,480,18900,824058,700103,850,259249,1265211,6453,207,4338
Uttar Pradesh,Baghpat,4687,472452,2060,8766,3686,451282,2.13,287,13453,493119,430320,873,266393,657341,1933,125,3812
Uttar Pradesh,Bahraich,11772,963496,4870,17638,7805,1090344,3.09,910,29410,1088189,965329,887,437477,1616363,5452,305,7222
Uttar Pradesh,Balarampur,5881,665443,4420,5830,4643,598086,4.77,559,11711,670334,592955,885,320137,943392,2687,191,6375
Uttar Pradesh,Ballia,8160,742299,4666,16947,10061,893927,3.0,753,25107,834188,800719,960,284063,1352163,9473,205,5254
Uttar Pradesh,Banda,2230,366107,1494,3333,2592,512604,4.8,267,5563,477857,400566,838,161530,717181,1990,75,2096
Uttar Pradesh,Barabanki,8659,748462,3652,16089,7144,1005049,1.95,482,24748,946167,806278,852,303450,1450061,6045,147,4751
Uttar Pradesh,Bareilly,7858,990835,5971,18919,12745,1646259,5.73,1533,26777,1437822,1198350,833,596248,2040846,9764,414,8951
Uttar Pradesh,Basti,4932,622320,3118,9758,6202,804265,7.83,1150,14690,731739,694475,949,303710,1122875,4317,256,5003
Uttar Pradesh,Bijnour,13414,889921,5101,28249,11580,1246151,3.09,1287,41663,1099859,1035408,941,470286,1665786,8721,305,7960
Uttar Pradesh,Bulandshahr,7877,975558,4547,16934,9357,1132381,2.01,499,24821,1110963,996462,897,519888,1588051,6148,150,7756
Uttar Pradesh,Chandauli,2597,441826,2396,5728,5222,602498,3.9,325,8325,548690,495384,903,166841,877483,4454,122,3163
Uttar Pradesh,Chitrakoot,1127,206947,828,1833,1459,289464,16.55,490,2960,265069,231253,872,85553,410858,942,151,1345
Uttar Pradesh,Deoria,9015,800712,5657,19422,10455,1090327,3.39,963,28437,947537,941674,994,394258,1496781,9427,340,6685
Uttar Pradesh,Etah,4043,369261,1880,7029,3700,535691,4.86,538,11072,492206,412475,838,153766,751186,2998,162,2581
Uttar Pradesh,Etawah,1912,360496,2144,3172,3117,437008,13.1,666,5084,435299,361973,832,171343,626161,2501,203,2760
Uttar Pradesh,Ayodhya,8753,556646,4402,16054,8701,937520,4.93,1223,24807,766707,726137,947,322276,1171890,7899,329,5203
Uttar Pradesh,Farrukhabad,3432,397861,2072,7335,4255,557108,5.6,603,10767,515308,439365,853,166879,788090,3491,176,2836
Uttar Pradesh,Fatehpur,4780,659351,2976,8417,5290,841686,5.4,713,13197,772550,728205,943,299731,1201306,3414,228,4852
Uttar Pradesh,Firozabad,4803,433892,4094,8880,6757,631229,4.8,657,13683,578669,486159,840,212511,852610,6329,207,4522
Uttar Pradesh,Gautam Buddha Nagar,3591,793180,2347,14809,9303,1797870,2.55,470,18400,1588795,1001216,630,853147,1737903,4026,113,7624
Uttar Pradesh,Ghaziabad,7810,1034562,3882,28169,15007,1966713,2.89,1041,35979,1691043,1308971,774,888422,2112853,8330,308,10558
Uttar Pradesh,Ghazipur,9544,863326,5305,17269,10015,1133027,1.78,477,26813,1034731,959894,928,382095,1614258,7453,119,7866
Uttar Pradesh,Gonda,8351,948049,4320,12551,6706,1030037,2.0,418,20902,1032700,944706,915,436172,1541914,4695,158,6331
Uttar Pradesh,Gorakhpur,7407,1132799,6234,17458,13413,1781715,2.84,705,24865,1491328,1421510,953,692172,2222342,9858,174,9788
Uttar Pradesh,Hamirpur,2932,325581,1408,3592,2041,337875,6.53,426,6524,356070,307257,863,139846,523610,1535,122,1913
Uttar Pradesh,Hapur,1079,336357,1172,3750,3596,490149,8.3,401,4829,440947,385334,874,205385,621121,2293,88,2475
Uttar Pradesh,Hardoi,9248,902756,4920,15914,8530,1211110,1.7,428,25162,1137518,975983,858,359309,1754557,6417,121,7032
Uttar Pradesh,Hathras,2871,365145,1167,6417,2740,490427,4.76,442,9288,451230,404111,896,184033,671539,1758,151,2150
Uttar Pradesh,Jalaun,4455,487954,2051,6324,3127,482451,4.18,451,10779,517339,452797,875,195058,775347,2646,211,2532
Uttar Pradesh,Jaunpur,8849,1074776,5864,19570,12815,1482534,2.78,791,28419,1264260,1290939,1021,499266,2058044,11027,193,7651
Uttar Pradesh,Jhansi,10316,527166,3779,17954,7061,850845,2.19,620,28270,735744,641780,872,290642,1087369,6295,155,4544
Uttar Pradesh,Kannauj,2774,355228,2082,5559,3780,501541,3.68,307,8333,470110,386412,822,161314,695455,2453,123,3408
Uttar Pradesh,Kanpur Dehat,5788,469246,3265,10111,5745,558889,4.85,771,15899,551922,475936,862,189879,838256,5354,203,3656
Uttar Pradesh,Kanpur Nagar,7163,1158585,5860,16514,13404,1594020,3.22,763,23677,1487657,1264011,850,694930,2057675,12855,201,6409
Uttar Pradesh,Kasganj,2248,270535,1039,4648,2356,423688,6.87,474,6896,375356,318737,849,110338,583885,1713,115,1682
Uttar Pradesh,Kaushambi,4268,340000,2631,7098,5040,487243,2.94,334,11366,434719,392385,903,151967,675276,4590,115,3080
Uttar Pradesh,Kushinagar,9087,781060,3947,19887,8882,1146159,3.4,986,28974,984853,940840,955,346244,1580975,6840,244,5989
Uttar Pradesh,Lakhimpur Kheri,10953,770262,3559,22936,7486,1156506,2.04,691,33889,1079285,845585,783,255284,1671484,7346,278,3699
Uttar Pradesh,Lalitpur,1737,272368,1194,3692,2540,422415,8.68,471,5429,374959,319458,852,100900,593883,2158,147,1576
Uttar Pradesh,Lucknow,16132,1569568,8187,35988,21074,2577554,2.21,1150,52120,2283486,1861853,815,1254270,2892852,17229,292,12031
Uttar Pradesh,Maharajganj,8060,600096,4064,15743,8019,877775,2.55,607,23803,750540,726564,968,275312,1202559,6958,146,5124
Uttar Pradesh,Mahoba,1187,256968,807,2331,1674,288562,10.86,382,3518,294538,250837,852,120051,425479,1005,133,1475
Uttar Pradesh,Mainpuri,5070,393592,2500,6377,3886,539801,3.87,443,11447,507853,425265,837,140683,792710,3634,153,2752
Uttar Pradesh,Mathura,7380,629475,2968,12441,5946,891577,3.53,699,19821,840299,680293,810,357442,1163610,4531,165,4382
Uttar Pradesh,Mau,4566,488929,2794,9077,6138,707563,3.13,427,13643,624451,571103,915,233356,963136,5316,119,3616
Uttar Pradesh,Meerut,4384,1061268,2827,11545,7713,1352016,2.83,451,15929,1294423,1118052,864,712738,1700546,4492,131,6048
Uttar Pradesh,Mirzapur,5829,645198,3534,11999,7538,960398,1.25,222,17828,836870,768229,918,349084,1256512,5261,63,5810
Uttar Pradesh,Moradabad,4083,591862,3204,10252,8681,1036323,6.03,865,14335,886720,740696,835,355262,1272923,8046,240,3839
Uttar Pradesh,Muzaffarnagar,7900,732214,3336,9264,5769,847191,3.88,666,17164,847516,731452,863,362266,1217139,4009,193,5097
Uttar Pradesh,Pilibhit,5961,483404,1837,13120,4149,636983,2.25,429,19081,615937,504136,818,194499,925888,3631,139,2354
Uttar Pradesh,Raebareli,9570,636331,4345,17783,7990,926570,3.39,927,27353,786333,776223,987,224358,1338543,7593,296,4742
Uttar Pradesh,Pratapgarh,6858,709164,3910,11319,7173,991551,3.59,653,18177,843665,856344,1015,329600,1371115,5318,205,5765
Uttar Pradesh,Rampur,4191,432729,2836,10368,6660,672823,4.06,591,14559,600093,505141,842,185118,920434,6281,261,3214
Uttar Pradesh,Saharanpur,6592,851164,3516,15260,8220,1199677,3.74,818,21852,1097888,952152,867,483679,1567162,5946,190,5789
Uttar Pradesh,Sambhal,5141,368986,2543,11532,5804,592858,1.9,317,16673,524963,436732,832,147742,814102,5948,108,2398
Uttar Pradesh,Sant Kabir Nagar,4156,348746,1947,8096,3977,487133,2.6,318,12252,419292,415591,991,132855,703024,3702,173,2222
Uttar Pradesh,Bhadohi,3856,390075,2016,8765,4673,548047,2.61,329,12621,480326,457176,952,187801,750321,3779,103,2909
Uttar Pradesh,Shahjahanpur,14568,719745,8496,26055,12740,1007831,1.97,802,40708,965857,761279,788,325231,1402345,10744,295,10491
Uttar Pradesh,Shamli,3355,329266,1489,6411,3043,398609,3.01,294,9766,397594,329912,830,164299,563576,2467,78,2064
Uttar Pradesh,Shravasti,3067,305883,1582,4844,2622,322893,5.42,429,7911,341988,286681,838,136576,492200,1600,130,2603
Uttar Pradesh,Siddharthnagar,3475,710164,5022,6852,7316,777757,5.84,603,10327,765776,721832,943,339673,1148248,4736,266,7601
Uttar Pradesh,Sitapur,16137,906033,6142,29662,12131,1407325,3.74,1711,45799,1259574,1053048,836,340745,1972613,12360,440,5913
Uttar Pradesh,Sonbhadra,4626,354007,2796,10124,5991,580508,0.95,140,14750,509996,424328,832,182257,752258,5788,36,3000
Uttar Pradesh,Sultanpur,7049,594230,3490,13653,7312,819146,4.48,928,20702,698052,714534,1024,292153,1121223,6442,242,4359
Uttar Pradesh,Unnao,6483,761042,4409,12680,8512,980602,5.93,1137,19163,899086,842142,937,300536,1441108,7704,327,5216
Uttar Pradesh,Varanasi,6801,1025264,4675,18189,12403,1638563,3.77,942,24998,1458145,1204418,826,694429,1969398,9237,303,7841
Uttarakhand,Dehradun,880,892309,563,4325,3400,1268445,11.43,595,5205,1132679,1027257,907,709307,1451447,982,160,2981
Uttarakhand,Pauri Garhwal,330,327240,247,1140,759,306628,14.29,210,1470,299624,333996,1115,206126,427742,338,65,668
Uttarakhand,Chamoli,232,211043,242,834,882,229204,10.69,114,1066,215035,224998,1046,168310,271937,181,48,942
Uttarakhand,Rudraprayag,122,116069,161,518,610,152046,12.5,80,640,122737,145270,1184,98177,169938,82,52,688
Uttarakhand,Tehri Garhwal,539,269515,260,1549,1002,284240,10.63,222,2088,259174,294256,1135,176904,376851,502,57,759
Uttarakhand,Haridwar,807,706547,918,3044,3264,1241175,12.96,499,3851,1092422,854782,782,503442,1444280,805,131,3376
Uttarakhand,Uttarkashi,390,161678,228,1964,1279,211420,12.57,296,2354,188470,184510,979,140785,232313,147,98,1359
Uttarakhand,Almora,604,305943,555,818,826,263881,9.0,128,1422,257645,311983,1211,193217,376607,174,46,1207
Uttarakhand,Udham Singh Nagar,1532,602917,795,3032,2611,1089581,7.36,336,4564,924563,767351,830,423466,1269032,697,90,2708
Uttarakhand,Pithoragarh,317,216559,466,844,951,260017,15.42,179,1161,228315,248033,1086,160403,316173,320,67,1097
Uttarakhand,Bageshwar,114,138345,192,562,925,160266,3.55,24,676,137660,160848,1168,116106,182505,73,32,1044
Uttarakhand,Champawat,1155,124634,245,1024,449,157558,3.26,71,2179,138283,143793,1040,100507,181685,80,16,613
Uttarakhand,Nainital,742,446813,430,3143,2024,635877,3.47,135,3885,551414,530746,963,365225,717465,523,40,1931
West Bengal,Alipurduar District,5138,518899,4537,12754,10549,613032,1.55,278,17892,555561,576201,1037,298270,833661,13033,57,2053
West Bengal,Bankura,4744,710784,8376,11147,16826,814053,1.63,259,15891,752816,771817,1025,383503,1141334,22344,77,2857
West Bengal,Basirhat HD (North 24 Parganas),1268,727983,5474,2633,12199,711050,4.33,169,3901,731088,707739,968,398221,1040812,16153,39,1519
West Bengal,Birbhum,3882,756859,6322,8869,13916,896762,5.8,739,12751,836205,817150,977,425979,1227642,15091,182,5147
West Bengal,Bishnupur HD (Bankura),1725,356076,5317,3034,8574,423768,1.28,61,4759,396993,382798,964,177896,601948,13028,18,863
West Bengal,Dakshin Dinajpur,1846,585383,4978,3364,10031,649947,2.5,130,5210,616220,618851,1004,316115,919215,11949,39,3058
West Bengal,Darjeeling,1846,814217,2598,5234,8624,1023886,3.95,280,7080,925344,912253,986,546649,1291454,6117,68,5104
West Bengal,Diamond Harbor HD (S 24 Parganas),1192,1043968,8081,2720,21320,1116356,2.76,108,3912,1081976,1078030,996,586023,1574301,25385,26,4015
West Bengal,East Bardhaman,3004,1448785,14676,7052,27608,1300060,2.03,204,10056,1356713,1391755,1026,761984,1986861,36825,56,5459
West Bengal,Hoogly,20536,2023344,13484,38887,27310,1642018,1.26,747,59423,1834303,1830489,998,1124175,2541187,34228,228,6566
West Bengal,Howrah,6182,1637844,14207,14111,27775,1700450,1.71,347,20293,1762762,1574972,893,1037650,2300644,31568,92,10414
West Bengal,Jalpaiguri,5630,576663,8193,4764,9198,719403,2.08,216,10394,606644,689168,1136,315737,980329,15198,59,2193
West Bengal,Jhargram,2467,368589,4364,3741,7392,430194,1.64,102,6208,398399,400130,1004,174211,624572,9960,32,1795
West Bengal,Kalimpong,81,138470,124,252,429,148213,5.11,17,333,143958,142676,991,106894,179789,132,9,421
West Bengal,Kolkata,6830,3648017,8456,14871,20175,3744910,5.8,1259,21701,4115408,3276145,796,2673142,4719785,7153,323,21478
West Bengal,Malda,5246,1030821,7716,16294,21946,1125559,1.76,380,21540,1100657,1055023,959,490469,1665911,25808,85,3854
West Bengal,Murshidabad,2863,1806151,20785,8210,41076,1806835,0.88,97,11073,1892226,1720215,909,829077,2783909,57470,53,4390
West Bengal,Nadia,20358,1484628,17491,29260,29582,1420794,0.87,432,49618,1428332,1476614,1034,731847,2173575,42619,113,4454
West Bengal,Nandigram HD (East Medinipore),2726,871750,5518,9599,15671,859024,2.72,335,12325,841464,889107,1057,498634,1232140,16855,78,4333
West Bengal,North 24 Parganas,19374,3193747,20748,39876,42188,3545680,1.27,750,59250,3506692,3231452,922,1890677,4848750,47821,191,15114
West Bengal,Paschim Medinipore,2072,1542757,14712,7285,28235,1148990,1.74,163,9357,1344063,1347345,1002,744679,1947068,37584,48,5362
West Bengal,Purba Medinipore,26088,1255462,15716,51251,31378,1288143,1.28,991,77339,1157647,1385555,1197,670675,1872930,44569,245,2525
West Bengal,Purulia,6520,810855,10378,11932,19725,911323,1.83,338,18452,877527,844340,962,401020,1321158,27840,92,2263
West Bengal,Rampurhat HD (Birbhum),310,450645,3501,805,7309,527711,3.14,35,1115,479596,498564,1040,256589,721767,7747,12,3062
West Bengal,South 24 Parganas,951,1692563,12304,2378,30607,1698245,7.54,251,3329,1759742,1630531,927,966974,2423834,34298,99,8613
West Bengal,Uttar Dinajpur,6660,612438,7104,12855,14450,797524,1.31,255,19515,750366,659311,879,351813,1058149,18057,87,3497
West Bengal,West Bardhaman,4286,955754,8297,10048,17188,1217586,3.46,496,14334,1159404,1013426,874,547869,1625471,20653,105,4831
Assam,Hojai,2286,311269,1506,5432,3940,489459,6.1,471,7719,399614,400987,1003,209382,591346,1483,100,3962
Assam,Biswanath,1122,224366,750,3461,2300,377729,9.1,417,4583,298274,303736,1018,153693,448402,778,100,2271
Assam,Charaideo,573,146151,626,1437,1492,238519,12.94,260,2010,192778,191847,995,78841,305829,1368,108,749
Assam,Majuli,320,81562,474,826,641,104667,6.46,74,1146,95292,90920,954,70409,115820,46,43,1068
Assam,South Salmara Mankachar,1079,93352,565,2632,1521,191619,5.09,189,3711,148256,136681,922,50208,234763,1117,50,968
Assam,West Karbi Anglong,213,54687,269,722,759,99842,12.3,115,935,83673,70836,847,34638,119891,607,46,421
Gujarat,Ahmedabad Corporation,7274,2601866,8955,17900,23774,4295901,5.15,1296,25174,3933417,2963199,753,2325120,4572647,14170,307,18558
Gujarat,Bhavnagar Corporation,931,264519,1129,3188,3217,385827,2.69,111,4119,343633,306640,892,240206,410140,1973,27,2372
Gujarat,Gandhinagar Corporation,437,194789,623,1352,1820,361491,6.76,121,1789,310517,245659,791,199136,357144,603,24,1839
Gujarat,Jamnagar Corporation,1071,268913,1503,2087,3533,431757,4.18,132,3158,370609,329948,890,250176,450494,2441,27,2595
Gujarat,Junagadh Corporation,157,167900,315,2921,3775,226287,2.34,72,3078,211156,182963,866,145374,248813,3200,15,891
Gujarat,Rajkot Corporation,1353,648015,2428,3393,6905,1089902,5.98,284,4746,968046,769582,795,616887,1121030,3439,67,5894
Gujarat,Surat Corporation,3699,1771292,7914,14114,28241,3525916,3.86,687,17813,3224325,2071571,642,1772108,3525100,16139,219,20015
Gujarat,Vadodara Corporation,1617,974421,4544,3638,10062,1339071,5.23,275,5255,1245120,1067901,858,943121,1370371,2964,63,11641
Tamil Nadu,Cheyyar,445,242509,1900,435,2468,317810,14.77,130,880,247187,313033,1266,120915,439404,2233,48,2134
Tamil Nadu,Aranthangi,98,210657,1702,135,2202,258562,24.46,57,233,209242,259906,1242,108511,360708,1519,32,2385
Tamil Nadu,Kovilpatti,46,211961,2034,54,2713,246855,20.0,20,100,190131,268624,1413,124433,334383,2340,5,2406
Tamil Nadu,Ranipet,101,264047,1229,210,2540,404028,12.54,39,311,323757,344171,1063,139234,528841,1876,13,1892
West Bengal,COOCHBEHAR,853,733739,5904,1878,12474,838408,3.26,89,2731,819704,752250,918,372039,1200108,16960,25,1417
