state,district,slots,today,Total doses til date,avgdaily,slots 18-44,today 18,avgdaily 18-44,Total doses til date 18,wastage %,wastage,doses,male,female,gratio
Andaman & Nicobar,North and Middle Andaman,0,0,28704,8,0,0,114,3711,0,0,0,17196,15217,885
Andaman & Nicobar,South Andaman,0,62,54893,57,0,420,439,14339,5.81,28,482,37691,31561,837
Andaman & Nicobar,Nicobar,0,9,7651,2,0,1,3,998,0,0,10,4553,4096,900
Andhra Pradesh,Krishna,0,9793,591881,8980,0,1633,1596,118021,1.52,174,11426,370770,339287,915
Andhra Pradesh,Guntur,0,8958,565825,19973,0,2088,1976,127676,1.94,214,11046,366629,327015,892
Andhra Pradesh,"YSR District, Kadapa (Cuddapah)",220,8765,458682,15049,0,470,411,55307,2.22,205,9235,255401,259053,1014
Andhra Pradesh,Kurnool,0,6514,471989,16905,0,402,1080,67829,4.4,304,6916,265923,274056,1031
Andhra Pradesh,Visakhapatnam,0,15913,550176,16007,0,11261,5762,167877,1.42,386,27174,379099,339978,897
Andhra Pradesh,Anantapur,0,4600,525001,15263,0,1066,1181,72932,3.07,174,5666,304741,293156,962
Andhra Pradesh,Chittoor,50,13476,596612,20977,50,1302,1195,105362,2.25,332,14778,348810,353676,1014
Andhra Pradesh,East Godavari,0,13790,612549,23080,0,1066,393,119079,1.64,244,14856,391243,340623,871
Andhra Pradesh,Prakasam,96,5374,459154,10398,0,1091,811,72528,3.33,215,6465,273955,258166,942
Andhra Pradesh,Sri Potti Sriramulu Nellore,0,4121,466469,15178,0,578,727,73295,2.79,131,4699,270866,269074,993
Andhra Pradesh,Srikakulam,0,2234,410624,19832,0,1312,356,54107,2.65,94,3546,225175,239557,1064
Andhra Pradesh,Vizianagaram,0,13716,338133,15229,0,3296,693,46259,1.57,267,17013,187194,198385,1060
Andhra Pradesh,West Godavari,0,13270,499196,17181,0,263,281,63117,1.53,207,13533,282737,280370,992
Arunachal Pradesh,Itanagar Capital Complex,121,133,17139,30,0,5073,1009,23656,1.23,64,5206,23926,17472,730
Arunachal Pradesh,Lower Siang,10,0,3902,3,0,0,4,1169,0,0,0,2691,2380,884
Arunachal Pradesh,Pakke Kessang,0,15,2924,5,0,65,9,1206,12.5,10,80,2156,1972,915
Arunachal Pradesh,Changlang,117,120,15720,82,0,49,25,7785,6.51,11,169,13770,9736,707
Arunachal Pradesh,Kurung Kumey,0,0,2444,8,0,9,24,2098,11.11,1,9,2152,2328,1082
Arunachal Pradesh,Anjaw,0,43,2101,9,0,1,8,1452,13.64,6,44,1935,1621,838
Arunachal Pradesh,East Kameng,0,86,5918,27,0,1,4,2552,14.94,13,87,4418,4050,917
Arunachal Pradesh,Kamle,0,0,1527,3,0,0,2,742,0,0,0,1230,1040,846
Arunachal Pradesh,Dibang Valley,0,0,802,10,0,0,0,1028,0,0,0,1093,737,674
Arunachal Pradesh,Tirap,0,48,4008,39,0,15,7,3154,11.11,7,63,4541,2620,577
Arunachal Pradesh,Kra Daadi,0,9,1460,2,0,22,14,1362,29.03,9,31,1496,1327,887
Arunachal Pradesh,West Kameng,0,9,12048,8,0,114,81,6317,13.82,17,123,10666,7701,722
Arunachal Pradesh,Lohit,0,37,5608,16,0,12,10,2807,22.45,11,49,5140,3272,637
Arunachal Pradesh,Tawang,0,27,7425,45,0,1,23,4112,7.14,2,28,6285,5247,835
Arunachal Pradesh,Lower Dibang Valley,100,0,6630,11,0,5,12,3256,100,5,5,5390,4498,835
Arunachal Pradesh,Lower Subansiri,0,0,6713,7,0,11,3,3278,81.82,9,11,4999,4992,999
Arunachal Pradesh,Lepa Rada,0,6,3771,3,0,4,7,1659,0,0,10,2969,2461,829
Arunachal Pradesh,Upper Siang,0,7,5578,3,0,2,7,2252,11.11,1,9,4108,3722,906
Arunachal Pradesh,Shi Yomi,0,0,1962,6,0,0,1,706,0,0,0,1320,1348,1021
Arunachal Pradesh,Namsai,0,108,13724,102,0,36,7,3868,4.17,6,144,9493,8110,854
Arunachal Pradesh,Siang,0,0,4222,18,0,0,1,1195,0,0,0,2739,2677,977
Arunachal Pradesh,West Siang,0,6,10090,3,0,25,11,3408,29.03,9,31,7149,6349,888
Arunachal Pradesh,Papum Pare,0,39,7052,29,0,30,26,6255,15.94,11,69,8535,4774,559
Arunachal Pradesh,Longding,0,2,2114,4,0,0,1,3005,900,18,2,3557,1564,440
Arunachal Pradesh,Upper Subansiri,0,120,8260,34,0,23,5,3279,18.88,27,143,5989,5581,932
Arunachal Pradesh,East Siang,0,41,13738,30,0,4,14,5686,33.33,15,45,10035,9390,936
Assam,Dibrugarh,0,574,130187,970,0,1173,921,60925,3.61,63,1747,102446,88657,865
Assam,Sivasagar,0,358,69143,474,0,780,338,16138,1.93,22,1138,46035,39240,852
Assam,Tinsukia,0,219,84660,909,0,774,678,28814,3.73,37,993,61343,52131,850
Assam,Baksa,0,93,48029,304,0,18,321,15808,53.15,59,111,34843,28990,832
Assam,Barpeta,0,470,128270,754,0,42,206,30969,13.28,68,512,83383,75843,910
Assam,Darrang,0,130,68028,550,0,25,261,24210,16.13,25,155,51205,41021,801
Assam,Kamrup Metropolitan,0,2500,243310,2103,0,1486,2747,207528,6.12,244,3986,254396,196613,773
Assam,Kamrup Rural,255,1665,169458,1730,0,249,188,51639,8.15,156,1914,118965,102102,858
Assam,Karbi-Anglong,0,62,37009,216,0,7,123,18465,30.43,21,69,31700,23993,757
Assam,Nalbari,0,355,55824,575,0,72,482,17434,10.07,43,427,41000,32247,787
Assam,Golaghat,0,65,79223,549,0,136,399,25411,4.48,9,201,58044,46588,803
Assam,Jorhat,4,933,90291,681,0,118,377,31218,2.76,29,1051,65930,55571,843
Assam,Morigaon,0,57,65156,584,0,26,414,17623,20.48,17,83,41918,40852,975
Assam,Nagaon,0,596,128449,529,0,1266,814,39823,4.73,88,1862,86383,81872,948
Assam,Bongaigaon,0,282,57331,320,0,107,177,24553,20.82,81,389,43660,38216,875
Assam,Chirang,0,10,26468,104,0,0,302,14342,0,0,10,24062,16745,696
Assam,Dhubri,9,305,74703,218,0,112,465,22951,5.52,23,417,53659,43984,820
Assam,Goalpara,99,195,55100,157,0,28,407,27653,21.08,47,223,43376,39351,907
Assam,Kokrajhar,15,278,47527,211,0,12,400,23854,24.14,70,290,40754,30625,751
Assam,Dhemaji,0,135,64404,682,0,8,414,21105,11.89,17,143,43389,42106,970
Assam,Lakhimpur,0,283,75840,558,0,16,316,24472,3.68,11,299,52751,47554,901
Assam,Sonitpur,10,680,100650,427,0,398,390,35995,14.1,152,1078,72727,63915,879
Assam,Udalguri,0,255,46002,298,0,76,444,18709,2.72,9,331,35594,29106,818
Assam,Cachar,25,2009,98565,910,0,1514,1069,38162,4.46,157,3523,73248,63813,871
Assam,Dima Hasao,154,11,19683,28,0,31,22,10046,42.86,18,42,17731,11993,676
Assam,Hailakandi,0,76,48989,571,0,3,309,20091,26.58,21,79,38032,31044,816
Assam,Karimganj,0,117,63406,522,0,58,543,25851,14.29,25,175,49075,40175,819
Bihar,Madhepura,99,269,120275,247,0,143,318,40206,6.8,28,412,88258,72218,818
Bihar,Saharsa,0,609,126091,325,0,68,169,38212,0.44,3,677,87229,77061,883
Bihar,Supaul,0,576,127539,673,0,24,661,42656,8.33,50,600,94776,75701,799
Bihar,Purnia,0,1635,231676,1731,0,232,242,80026,7.12,133,1867,166615,145557,874
Bihar,Araria,114,1071,142814,973,0,67,385,50225,2.81,32,1138,106209,86895,818
Bihar,Katihar,1132,842,120416,728,0,184,819,65487,6.24,64,1026,102074,83864,822
Bihar,Kishanganj,38,439,79011,433,0,43,711,35165,9.96,48,482,62674,51674,824
Bihar,Aurangabad,0,1930,108889,1400,190,131,85,45941,8.84,182,2058,89309,65613,735
Bihar,Arwal,0,159,34737,125,0,10,44,13511,6.51,11,169,26249,22005,838
Bihar,Gaya,5441,1751,224817,873,0,875,316,102492,11.58,304,2626,180277,147152,816
Bihar,Kaimur,2200,539,95668,654,0,20,172,32220,5.55,31,559,70369,57603,819
Bihar,Rohtas,851,1258,169851,1187,0,74,76,60214,2.85,38,1332,130512,99633,763
Bihar,Bhagalpur,0,654,216616,714,0,356,545,80182,2.97,30,1010,160252,136604,852
Bihar,Banka,109,238,125930,288,0,334,585,39237,4.9,28,572,85740,79453,927
Bihar,Lakhisarai,10,332,46455,230,0,20,91,19578,2.27,8,352,36105,29931,829
Bihar,Munger,0,383,84800,409,0,88,357,34289,1.91,9,471,67787,51294,757
Bihar,Muzaffarpur,0,890,241705,742,0,378,506,114732,4.89,62,1268,201978,154560,765
Bihar,Sheohar,0,124,56543,181,0,0,72,13144,4.84,6,124,36835,32977,895
Bihar,Sitamarhi,0,928,180280,490,0,9,194,61663,6.72,63,937,130540,111420,854
Bihar,Vaishali,0,779,221100,702,0,27,694,64054,10.42,84,806,151024,134255,889
Bihar,Nalanda,1568,555,226216,563,0,164,340,73872,1.53,11,719,157969,142178,900
Bihar,Jehanabad,0,155,62876,155,0,37,76,28187,9.38,18,192,49900,41232,826
Bihar,Nawada,1163,516,132915,504,66,130,589,46178,11.46,74,646,94308,84800,899
Bihar,Sheikhpura,0,124,41550,73,0,26,98,13515,0,0,150,29055,26014,895
Bihar,Darbhanga,0,2472,267935,1817,0,211,323,89568,2.12,57,2683,189425,168243,888
Bihar,Madhubani,0,1209,262873,1361,0,316,144,82228,0.98,15,1525,181430,163778,903
Bihar,Samastipur,0,895,251337,527,0,228,136,88045,2.4,27,1123,181573,157883,870
Bihar,Patna,380,5103,505497,2069,0,2104,1775,226228,6.29,453,7207,426733,305480,716
Bihar,Begusarai,0,727,202635,757,0,254,224,68657,7.03,69,981,145190,126272,870
Bihar,Bhojpur,2268,933,148688,725,0,451,188,57189,4.05,56,1384,116570,89492,768
Bihar,Buxar,1321,677,111420,615,0,133,101,32765,4.94,40,810,80470,63741,792
Bihar,Khagaria,198,255,88898,292,0,111,143,31395,3.83,14,366,63972,56340,881
Bihar,Saran,0,1512,285808,1186,0,431,250,96338,9.62,187,1943,205753,176459,858
Bihar,Siwan,2102,1063,287085,1384,0,228,245,71433,6.89,89,1291,187448,171230,913
Bihar,Gopalganj,0,1646,148555,1100,0,166,152,46209,4.86,88,1812,110103,84812,770
Bihar,East Champaran,0,3103,262418,2482,0,80,125,102931,4.93,157,3183,210826,154442,733
Bihar,West Champaran,620,1697,163764,911,0,45,191,73098,6.2,108,1742,138777,98220,708
Bihar,Jamui,88,587,104121,300,0,161,612,36505,6.95,52,748,76431,64242,841
Chandigarh,Chandigarh,17,584,197149,715,507,4891,4376,88585,3.93,215,5475,160638,125156,779
Chhattisgarh,Raipur,197,508,324140,351,0,311,116,62977,17.22,141,819,205410,181724,885
Chhattisgarh,Balod,5400,379,164592,254,0,2,0,9630,4.99,19,381,83052,91154,1098
Chhattisgarh,Baloda bazar,159,38,184061,97,0,3,4,9947,21.95,9,41,91334,102773,1125
Chhattisgarh,Balrampur,4548,16,126557,200,0,19,4,12166,42.86,15,35,69036,69693,1010
Chhattisgarh,Bastar,518,181,137710,179,0,21,22,22348,33.66,68,202,76184,83887,1101
Chhattisgarh,Bemetara,6850,9,92088,24,0,1,1,6253,0,0,10,48165,50169,1042
Chhattisgarh,Bijapur,880,22,36136,20,0,18,9,17180,0,0,40,30902,22421,726
Chhattisgarh,Bilaspur,59,754,313293,174,0,173,23,30329,7.87,73,927,167487,176116,1052
Chhattisgarh,Dantewada,240,20,56476,15,0,0,4,13658,0,0,20,34639,35484,1024
Chhattisgarh,Dhamtari,470,35,168052,20,0,4,6,10401,2.56,1,39,84291,94141,1117
Chhattisgarh,Durg,1635,241,334646,249,0,95,61,35879,19.05,64,336,188503,182006,966
Chhattisgarh,Gariaband,690,10,98971,41,0,0,0,6786,0,0,10,49234,56517,1148
Chhattisgarh,Janjgir-Champa,0,158,261082,196,0,14,10,14874,4.65,8,172,131763,144188,1094
Chhattisgarh,Jashpur,3625,177,155586,176,0,2,1,14840,0.56,1,179,78326,92090,1176
Chhattisgarh,Kanker,3200,199,134387,68,0,5,9,21218,7.84,16,204,78176,77448,991
Chhattisgarh,Kondagaon,1000,150,106008,162,0,11,3,10094,5.59,9,161,53296,62803,1178
Chhattisgarh,Korba,2358,554,267409,791,0,47,22,18324,8.15,49,601,138932,146805,1057
Chhattisgarh,Koriya,6110,375,103932,446,0,25,17,10616,20,80,400,56520,58034,1027
Chhattisgarh,Mahasamund,0,94,237131,22,0,7,3,10396,8.91,9,101,116411,131100,1126
Chhattisgarh,Mungeli,320,0,124280,6,0,0,1,6034,0,0,0,62102,68211,1098
Chhattisgarh,Narayanpur,100,14,15760,12,0,16,3,7044,0,0,30,12774,10030,785
Chhattisgarh,Raigarh,704,799,351098,64,0,136,-5,25756,2.67,25,935,183997,192841,1048
Chhattisgarh,Rajnandgaon,529,109,278193,67,0,17,11,20503,11.11,14,126,142835,155845,1091
Chhattisgarh,Sukma,0,17,49293,20,0,13,1,21214,0,0,30,39692,30810,776
Chhattisgarh,Surajpur,0,66,162269,28,0,8,4,12925,21.62,16,74,85596,89573,1046
Chhattisgarh,Surguja,60,364,211872,84,0,261,4,16515,5.6,35,625,109598,118758,1084
Chhattisgarh,Kawardha,2300,239,119340,302,0,75,120,12292,5.1,16,314,64380,67243,1044
Chhattisgarh,Gaurela Pendra Marwahi ,250,44,63977,59,0,5,0,4040,22.45,11,49,31975,36032,1127
Dadra and Nagar Haveli,Dadra and Nagar Haveli,0,93,34900,131,18,1956,2100,48403,5.91,121,2049,55752,27558,494
Daman and Diu,Daman,0,161,28746,119,0,2533,2546,44502,0.59,16,2694,47721,25576,536
Daman and Diu,Diu,0,128,11310,92,0,790,562,13713,0.22,2,918,12074,12952,1073
Delhi,New Delhi,321,1798,240761,1264,80,1733,1433,110117,5.35,189,3531,213217,138021,647
Delhi,Central Delhi,917,1371,271471,889,0,1331,2039,191152,4.74,128,2702,273464,189365,692
Delhi,West Delhi,332,1884,351224,650,0,162,54,133368,4.11,84,2046,270331,214327,793
Delhi,North West Delhi,1674,901,329203,978,0,2088,1383,177902,4.05,121,2989,283283,224040,791
Delhi,South East Delhi,0,1739,227238,1111,0,3388,4016,178841,2.59,133,5127,243609,162571,667
Delhi,East Delhi,130,677,187290,707,0,1680,1144,90976,1.82,43,2357,154956,123416,796
Delhi,North Delhi,237,908,181237,855,0,292,134,121187,8.33,100,1200,176110,126302,717
Delhi,North East Delhi,50,1558,144877,1051,0,122,183,105549,4.17,70,1680,148965,101597,682
Delhi,Shahdara,233,876,190724,342,0,79,61,113250,4.71,45,955,172197,131902,766
Delhi,South Delhi,221,1984,244666,1046,12,7210,6056,215539,3.55,326,9194,276846,183857,664
Delhi,South West Delhi,227,1417,314294,1371,0,4238,3152,133105,1.86,105,5655,254063,193914,763
Goa,North Goa,170,1205,152604,1508,101,1351,1296,57035,5.63,144,2556,110011,99650,906
Goa,South Goa,37,844,184269,1245,0,546,820,48429,10.07,140,1390,117603,115089,979
Gujarat,Gandhinagar,0,1539,187680,1782,0,522,109,30066,5.77,119,2061,113434,104328,920
Gujarat,Ahmedabad,0,1584,354761,1357,0,640,220,27443,5.67,126,2224,205614,176573,859
Gujarat,Vadodara,98,1753,278434,2139,0,1126,709,59339,2.81,81,2879,184091,153798,835
Gujarat,Kheda,36,2748,322520,3165,0,207,254,58430,8.63,255,2955,199716,181401,908
Gujarat,Surendranagar,0,1397,169426,1949,0,152,138,18314,9.1,141,1549,97745,89979,921
Gujarat,Aravalli,163,1418,224285,396,0,122,40,21803,3.25,50,1540,123662,122433,990
Gujarat,Banaskantha,0,1419,627187,2097,0,71,79,51745,7.38,110,1490,367476,311746,848
Gujarat,Mehsana,0,2094,376759,2307,0,5680,5573,119633,3.94,306,7774,256682,239705,934
Gujarat,Patan,0,1323,187128,1397,0,222,114,29924,14.56,225,1545,112063,105130,938
Gujarat,Sabarkantha,19,2235,273800,2152,0,103,31,32400,3.08,72,2338,158484,147687,932
Gujarat,Dang,0,88,30577,63,0,1,7,5415,12.36,11,89,18497,17492,946
Gujarat,Navsari,0,976,258876,727,0,119,73,29432,5.94,65,1095,138781,149581,1078
Gujarat,Surat,86,1049,195016,1328,0,132,149,36904,13.46,159,1181,127321,104711,822
Gujarat,Tapi,0,1902,138044,1816,0,92,21,14935,3.81,76,1994,77962,75061,963
Gujarat,Valsad,171,982,248494,940,0,910,925,42505,9.41,178,1892,156794,134424,857
Gujarat,Devbhumi Dwaraka,0,267,107657,370,0,89,55,17293,12.36,44,356,66814,58155,870
Gujarat,Jamnagar,0,305,162004,464,0,118,218,43626,8.75,37,423,116772,88905,761
Gujarat,Kutch,660,708,263175,980,0,5309,4615,108546,3.87,233,6017,206383,165470,802
Gujarat,Morbi,56,603,117332,582,0,252,88,12100,7.6,65,855,67841,61588,908
Gujarat,Porbandar,0,229,133662,112,0,65,46,17910,15.65,46,294,77492,74084,956
Gujarat,Rajkot,300,967,249939,1240,0,40,81,24113,16.19,163,1007,142060,132008,929
Gujarat,Amreli,0,1248,238160,694,0,75,9,19813,8.09,107,1323,130268,127752,981
Gujarat,Bhavnagar,0,1845,228631,1325,0,68,27,45111,5.59,107,1913,150189,123581,823
Gujarat,Botad,549,528,61505,607,0,65,8,8601,18.04,107,593,36668,33445,912
Gujarat,Gir Somnath,80,2173,173663,1343,0,106,62,20537,4.87,111,2279,104992,89283,850
Gujarat,Junagadh,0,1059,195464,1362,0,186,91,19914,11.65,145,1245,111482,103973,933
Gujarat,Anand,0,1860,382374,1746,0,111,44,38346,7.05,139,1971,209633,211104,1007
Gujarat,Bharuch,37,2821,227386,2825,0,3879,3708,103044,3.73,250,6700,184032,146430,796
Gujarat,Chhotaudepur,56,1910,159747,696,0,117,10,14285,2.61,53,2027,89799,84276,938
Gujarat,Dahod,230,2209,324780,1451,0,114,54,31044,3.31,77,2323,177959,178081,1001
Gujarat,Mahisagar,0,497,243149,242,0,17,18,15301,1.17,6,514,131333,127150,968
Gujarat,Narmada,0,659,125166,108,0,115,18,13162,2.07,16,774,70206,68114,970
Gujarat,Panchmahal,0,1982,287555,1026,0,335,53,26422,4.45,103,2317,158595,155442,980
Haryana,Kurukshetra,0,170,135766,694,0,1414,988,38278,2.9,46,1584,91237,82808,908
Haryana,Panchkula,0,306,116713,438,0,1280,783,60203,4.67,74,1586,95557,81555,853
Haryana,Gurgaon,1,2815,389139,1854,200,12494,11676,291955,2.82,431,15309,401413,280910,700
Haryana,Jhajjar,0,553,134921,895,0,652,562,41379,4.56,55,1205,92162,84162,913
Haryana,Kaithal,0,209,106371,656,0,2885,723,45740,4.07,126,3094,79733,72480,909
Haryana,Hisar,0,195,160177,259,0,446,611,56325,7.64,49,641,116450,100085,859
Haryana,Rohtak,0,391,134148,750,0,1542,938,49265,5.02,97,1933,98434,85732,871
Haryana,Ambala,0,630,217309,591,0,2450,3188,112518,3.25,100,3080,175321,154802,883
Haryana,Sirsa,0,214,174013,713,0,3221,881,46642,6.26,215,3435,114304,106353,930
Haryana,Panipat,95,228,131411,512,0,584,470,48223,7.14,58,812,98881,80781,817
Haryana,Fatehabad,0,158,99496,630,0,1030,1045,40541,5.22,62,1188,73680,66398,901
Haryana,Yamunanagar,28,398,170551,643,0,1881,666,48815,3.99,91,2279,116031,103325,890
Haryana,Sonipat,0,761,211969,1034,0,2009,2175,82499,3.61,100,2770,158733,135939,856
Haryana,Faridabad,90,789,319035,1119,0,8503,5047,149006,2.88,268,9292,267048,202202,757
Haryana,Bhiwani,0,269,146870,560,0,3534,1024,45998,4.13,157,3803,101190,91711,906
Haryana,Charkhi Dadri,0,113,97511,706,0,2865,643,29338,2.08,62,2978,65192,61674,946
Haryana,Rewari,0,543,143986,1153,0,3925,1523,48466,2.06,92,4468,103876,88615,853
Haryana,Karnal,44,560,213165,1031,0,2637,1001,70183,3.85,123,3197,149169,134214,900
Haryana,Jind,0,143,123679,547,0,1040,660,39290,5.66,67,1183,84712,78261,924
Haryana,Nuh,0,92,41456,526,0,572,706,29136,14.46,96,664,39979,30697,768
Haryana,Mahendragarh,0,667,140711,1019,0,590,351,40258,5.81,73,1257,93672,87320,932
Haryana,Palwal,36,174,139138,431,0,1382,1432,57932,2.83,44,1556,108161,89158,824
Himachal Pradesh,Shimla,0,481,215891,398,0,1604,1324,38179,5.04,105,2085,133049,121007,909
Himachal Pradesh,Solan,0,492,132873,603,0,1313,1471,31985,4.16,75,1805,95241,69634,731
Himachal Pradesh,Lahaul Spiti,0,9,8147,11,0,100,76,1615,0.92,1,109,5025,4736,942
Himachal Pradesh,Kullu,0,70,105830,130,0,271,590,15058,11.44,39,341,61335,59549,971
Himachal Pradesh,Sirmaur,0,294,88604,260,0,743,911,20767,5.11,53,1037,59501,49874,838
Himachal Pradesh,Kangra,839,2404,393066,1368,0,1266,1726,47961,5.45,200,3670,212627,228378,1074
Himachal Pradesh,Chamba,0,548,114474,606,0,185,603,17886,11.87,87,733,65448,66907,1022
Himachal Pradesh,Mandi,0,298,277783,375,0,453,1220,33664,10.52,79,751,146896,164571,1120
Himachal Pradesh,Kinnaur,0,10,23791,52,0,41,136,4735,17.65,9,51,14764,13763,932
Himachal Pradesh,Hamirpur,28,120,159428,135,0,213,535,15180,8.11,27,333,81000,93599,1156
Himachal Pradesh,Una,19,162,148297,365,0,243,608,16876,13.58,55,405,82408,82754,1004
Himachal Pradesh,Bilaspur,0,123,123424,112,0,157,446,13125,3.57,10,280,66713,69831,1047
Jammu & Kashmir,Srinagar,116,1402,140883,1810,248,3193,2703,84007,4.03,185,4595,152206,73081,480
Jammu & Kashmir,Kulgam,0,667,90374,887,0,6,8,7597,18.87,127,673,56576,41496,733
Jammu & Kashmir,Shopian,0,17,64088,17,15,4,3,4427,42.86,9,21,39054,29459,754
Jammu & Kashmir,Bandipore,0,686,77701,922,0,7,16,7615,11.11,77,693,51670,33735,653
Jammu & Kashmir,Anantnag,300,1674,154978,1844,2,2373,2738,33992,5.76,233,4047,111463,77960,699
Jammu & Kashmir,Baramulla,419,2684,201769,1283,0,919,2232,42776,7.13,257,3603,142933,101777,712
Jammu & Kashmir,Kupwara,0,1031,79205,1062,0,76,57,13063,9.3,103,1107,57754,34655,600
Jammu & Kashmir,Pulwama,0,0,99252,1112,0,0,94,15308,0,0,0,69558,45002,647
Jammu & Kashmir,Ganderbal,0,55,71416,47,0,733,171,7183,2.79,22,788,45256,33337,737
Jammu & Kashmir,Budgam,120,539,144390,334,0,3877,2718,40592,3.94,174,4416,110571,74678,675
Jammu & Kashmir,Jammu,0,1,391065,400,0,3258,3913,103180,2.49,81,3259,277024,217368,785
Jammu & Kashmir,Kishtwar,309,145,43940,197,0,21,50,8273,14.46,24,166,30874,21332,691
Jammu & Kashmir,Doda,710,979,74576,734,0,25,17,8574,6.57,66,1004,46333,37406,807
Jammu & Kashmir,Udhampur,0,1039,113376,406,0,401,2646,39818,6.94,100,1440,86884,66302,763
Jammu & Kashmir,Kathua,1999,783,129426,608,0,56,2411,33703,4.89,41,839,89500,73668,823
Jammu & Kashmir,Ramban,459,60,62383,136,0,124,16,7552,19.57,36,184,41881,28050,670
Jammu & Kashmir,Samba,0,61,83826,64,0,125,72,10778,7.53,14,186,52754,41832,793
Jammu & Kashmir,Rajouri,5047,815,102946,855,0,293,2514,35325,8.3,92,1108,80422,57981,721
Jammu & Kashmir,Poonch,2449,729,96529,882,0,26,27,8638,9.93,75,755,59046,46355,785
Jammu & Kashmir,Reasi,0,200,65459,440,0,46,232,10622,17.89,44,246,45146,31009,687
Jharkhand,Ranchi,461,1643,240266,566,256,5534,4322,120680,2.9,208,7182,203155,157927,777
Jharkhand,Koderma,0,351,62667,248,0,279,726,20774,12.7,80,630,41531,41919,1009
Jharkhand,Bokaro,0,945,148081,325,0,431,161,51403,1.02,14,1376,113462,86068,759
Jharkhand,Garhwa,1001,827,84871,720,482,703,1709,39555,4.58,70,1530,68669,56072,817
Jharkhand,Latehar,1229,74,48863,57,2026,426,446,25308,8,40,500,41460,32768,790
Jharkhand,Chatra,0,465,76728,323,0,77,42,23582,14.39,78,542,53346,46955,880
Jharkhand,Palamu,0,1229,171308,666,1,216,547,46845,5.19,75,1445,118074,100298,849
Jharkhand,East Singhbhum,0,2244,267841,953,0,780,1209,76427,4.83,146,3024,192376,152094,791
Jharkhand,Seraikela Kharsawan,31,418,91374,408,0,250,253,27741,9.28,62,668,65577,53598,817
Jharkhand,Simdega,4291,113,46976,130,4379,842,832,21331,3.66,35,955,32510,35807,1101
Jharkhand,Lohardaga,72,161,44587,62,128,531,507,16052,6.94,48,692,30370,30263,996
Jharkhand,Gumla,764,645,87533,361,382,462,709,24887,6.59,73,1107,52888,59613,1127
Jharkhand,Khunti,129,99,53042,87,0,154,221,24629,18.58,47,253,40596,37138,915
Jharkhand,Deoghar,1793,897,88179,1395,0,254,387,48272,14.68,169,1151,78904,57788,732
Jharkhand,Ramgarh,711,355,79112,234,0,2359,462,34898,1.69,46,2714,64943,49181,757
Jharkhand,Hazaribagh,829,1302,139300,594,0,1534,971,56723,4.37,124,2836,105293,90761,862
Jharkhand,Giridih,0,297,155160,294,0,14,112,49622,15.76,49,311,105151,99665,948
Jharkhand,Dhanbad,0,1091,227565,421,0,249,287,61846,5.22,70,1340,162034,127383,786
Jharkhand,Dumka,0,489,106589,306,0,173,566,36418,4.23,28,662,72229,70807,980
Jharkhand,Jamtara,698,396,64349,262,0,161,531,24939,14.9,83,557,47443,41856,882
Jharkhand,Sahebganj,244,359,51640,454,166,901,782,27468,6.35,80,1260,41367,37814,914
Jharkhand,Pakur,0,577,63463,488,0,19,546,25289,4.03,24,596,43594,45207,1037
Jharkhand,Godda,579,1076,76970,599,0,77,304,29441,9.28,107,1153,56317,50132,890
Jharkhand,West Singhbhum,1180,258,112060,96,51,908,911,40148,8.92,104,1166,77890,74410,955
Karnataka,Belgaum,2128,1665,535456,2396,0,1922,2356,82745,12.07,433,3587,303312,315004,1039
Karnataka,Bangalore Urban,0,2921,217418,2358,0,12440,7705,116281,1.88,289,15361,185307,148913,804
Karnataka,Mysore,0,2150,641282,1675,0,9918,6118,109949,2.73,325,11925,367655,383860,1044
Karnataka,Gulbarga,0,867,206515,1019,0,437,2370,56366,17.33,226,1304,137313,125677,915
Karnataka,Chitradurga,95,3425,275817,2526,10,1562,1354,31256,6.48,323,4987,152192,155148,1019
Karnataka,Dakshina Kannada,0,1805,272400,2870,0,7206,3649,83815,3.43,309,9011,169116,187354,1108
Karnataka,Bagalkot,0,2031,255413,2308,200,1362,1285,41102,13.47,457,3393,144026,152538,1059
Karnataka,Chamarajanagar,0,1460,150838,1000,0,1592,975,21109,8.13,248,3052,81236,90762,1117
Karnataka,Bidar,0,1648,203700,1264,0,4231,4439,60515,6.99,411,5879,138104,126323,915
Karnataka,Chikamagalur,0,1103,202523,1837,0,740,861,24620,8.52,157,1843,111222,115975,1043
Karnataka,Bellary,0,1815,387495,1666,0,3074,2715,57508,5.34,261,4889,223673,221452,990
Karnataka,Davanagere,0,2281,212168,2714,0,2228,1242,36051,8.67,391,4509,128256,119961,935
Karnataka,Bangalore Rural,0,2310,149999,1598,0,2407,2086,40887,5.15,243,4717,105865,85103,804
Karnataka,Kolar,0,4067,218921,2944,0,12089,9058,125424,3.92,634,16156,179316,166811,930
Karnataka,Dharwad,0,1199,222406,906,0,3725,2055,50083,5.81,286,4924,139002,133521,961
Karnataka,Haveri,0,427,133581,504,0,1143,946,21157,5.1,80,1570,77416,77320,999
Karnataka,Gadag,134,964,151828,784,0,1148,1137,26564,16.48,348,2112,87619,90885,1037
Karnataka,Uttar Kannada,0,636,212206,649,0,1741,2130,43434,5.6,133,2377,129312,126374,977
Karnataka,Koppal,19,611,202178,634,0,1597,1864,33173,8.7,192,2208,109984,125388,1140
Karnataka,Kodagu,0,2995,100562,1277,0,857,862,20475,5.14,198,3852,59190,61897,1046
Karnataka,Raichur,0,333,166062,208,0,1007,2498,40238,8.21,110,1340,101817,104516,1027
Karnataka,Yadgir,300,349,130267,569,0,1053,1244,21556,11.98,168,1402,72486,79481,1097
Karnataka,Udupi,0,5404,215837,2890,0,1936,1869,49096,4.77,350,7340,127269,137713,1082
Karnataka,Shimoga,0,4916,253451,2469,0,2962,1714,46275,7.13,562,7878,151797,148001,975
Karnataka,Tumkur,961,4325,394799,2781,0,1400,2218,57818,7.77,445,5725,230327,222478,966
Karnataka,Hassan,0,2392,292267,1368,0,1600,2050,53049,6.96,278,3992,168437,176973,1051
Karnataka,Mandya,0,3701,286702,2581,0,2044,1783,39362,5.66,325,5745,154866,171478,1107
Karnataka,Chikkaballapur,0,1129,219027,577,0,1203,1690,32553,9.78,228,2332,126199,125437,994
Karnataka,Ramanagara,0,2114,209116,1551,0,2062,1862,31023,6.8,284,4176,113681,126695,1114
Karnataka,Vijayapura,40,1676,244140,1565,0,1473,1026,39119,8.92,281,3149,143539,139699,973
Karnataka,BBMP,4035,18308,1540194,16794,60,68625,63164,956226,1.68,1457,86933,1353197,1146441,847
Kerala,Kasaragod,0,4115,294516,5000,0,29,794,28557,3.52,146,4144,156373,166889,1067
Kerala,Thiruvananthapuram,0,3969,732660,7149,0,10089,7089,154818,2.15,302,14058,420692,467434,1111
Kerala,Kannur,0,772,473181,5053,0,5366,3756,77324,3.62,222,6138,261418,289473,1107
Kerala,Kollam,37,3881,502630,6784,42,1663,2956,78442,2.63,146,5544,269020,312479,1162
Kerala,Wayanad,0,7962,229885,4570,0,1099,784,27508,1.98,179,9061,122246,135299,1107
Kerala,Pathanamthitta,0,4720,385068,4490,0,2356,1596,47078,3.59,254,7076,195012,237369,1217
Kerala,Alappuzha,0,3051,459124,5355,0,2468,1816,54952,3.46,191,5519,234521,279641,1192
Kerala,Malappuram,0,4065,511012,4716,0,4246,3397,84368,5.52,459,8311,302043,293545,972
Kerala,Thrissur,0,1639,617226,5565,0,5808,3945,87918,4.61,343,7447,329750,375673,1139
Kerala,Kottayam,0,3030,426565,4387,0,3640,2875,64742,3,200,6670,225802,265681,1177
Kerala,Kozhikode,0,8107,569061,7591,0,1542,2371,82509,3.74,361,9649,311017,340996,1096
Kerala,Idukki,0,1771,235217,3041,0,23,1117,29793,3.12,56,1794,127216,137999,1085
Kerala,Ernakulam,0,1214,699165,6431,0,4085,4978,135239,2.47,131,5299,390198,444534,1139
Kerala,Palakkad,0,11385,421076,6459,0,858,2461,70643,3.24,397,12243,233956,258177,1104
Ladakh,Kargil,0,184,28499,47,863,1181,1464,25543,4.76,65,1365,29254,25106,858
Ladakh,Leh,0,24,37564,21,0,1969,2633,38695,2.36,47,1993,40227,36036,896
Lakshadweep,Lakshadweep,0,17,20019,34,0,266,481,8032,9.54,27,283,15675,12538,800
Madhya Pradesh,Bhopal,2457,2350,396775,1335,0,17677,15385,291535,3.51,703,20027,385485,302961,786
Madhya Pradesh,Gwalior,78,1253,268407,734,0,14734,8862,156905,3.9,623,15987,242655,182780,753
Madhya Pradesh,Indore,0,4429,616687,2580,0,42102,26155,396031,2.25,1049,46531,553483,459700,831
Madhya Pradesh,Jabalpur,219,2415,360218,1363,1,16114,10320,173987,2.54,471,18529,288246,246286,854
Madhya Pradesh,Rewa,0,518,261986,938,480,3558,3684,71875,4.02,164,4076,186666,147315,789
Madhya Pradesh,Sagar,1516,893,318585,456,0,8319,4916,78610,1.61,148,9212,218069,179184,822
Madhya Pradesh,Ujjain,237,1385,278889,849,0,7681,7241,114669,3.57,324,9066,211523,182073,861
Madhya Pradesh,Mandsaur,0,266,103720,419,0,5057,2024,32098,0.32,17,5323,73955,61853,836
Madhya Pradesh,Agar,61,302,40311,189,0,1321,977,17304,4.74,77,1623,32378,25272,781
Madhya Pradesh,Shajapur,1080,442,83365,225,0,2729,1646,27105,3.44,109,3171,62371,48128,772
Madhya Pradesh,Ratlam,0,1276,122201,808,0,3475,2140,39963,2.5,119,4751,88250,73990,838
Madhya Pradesh,Neemuch,0,614,79343,481,0,2199,1565,31271,2.38,67,2813,61667,48947,794
Madhya Pradesh,Dewas,0,559,130806,246,0,6580,2869,46468,1.98,141,7139,98328,78995,803
Madhya Pradesh,Tikamgarh,0,270,107007,90,106,1959,1286,29557,4.08,91,2229,76578,59988,783
Madhya Pradesh,Panna,263,122,51810,100,146,915,721,20306,12.83,133,1037,40975,31201,761
Madhya Pradesh,Damoh,96,352,81925,189,0,2884,1776,31150,2.6,84,3236,62319,50925,817
Madhya Pradesh,Chhatarpur,184,733,142168,376,121,3665,2109,38307,1.18,52,4398,102531,78048,761
Madhya Pradesh,Umaria,173,176,48098,158,86,1457,724,15362,6.55,107,1633,35535,27927,786
Madhya Pradesh,Singrauli,0,118,81128,111,0,1969,1399,26232,4.46,93,2087,64201,43156,672
Madhya Pradesh,Sidhi,0,254,76552,152,0,1854,1255,24125,2.94,62,2108,56280,44457,790
Madhya Pradesh,Shahdol,0,504,127301,267,0,4661,3783,46852,3.84,197,5133,96223,78240,813
Madhya Pradesh,Satna,577,610,183692,258,0,4204,2903,55943,4.28,206,4814,134359,105337,784
Madhya Pradesh,Anuppur,0,305,57570,80,0,1595,1190,19804,0.53,10,1900,41340,36026,871
Madhya Pradesh,Mandla,0,313,78799,162,18,1708,1186,25697,5.89,119,2021,53185,51311,965
Madhya Pradesh,Dindori,138,498,59527,237,173,2134,753,15963,5.24,138,2632,36339,39444,1085
Madhya Pradesh,Chhindwara,0,1704,160363,559,0,3946,2528,53461,3.01,170,5650,117120,96762,826
Madhya Pradesh,Balaghat,99,1769,163956,616,0,5451,2932,51511,2.08,150,7220,113349,102122,901
Madhya Pradesh,Khandwa,0,591,102913,227,0,3613,2180,35285,2.76,116,4204,73117,65077,890
Madhya Pradesh,Jhabua,0,193,46482,127,0,1887,1247,27041,0.96,20,2080,36923,36620,992
Madhya Pradesh,Dhar,0,282,142105,193,0,7881,4346,67689,1.19,97,8163,113658,96268,847
Madhya Pradesh,Burhanpur,2,769,79887,246,0,1406,981,20172,3.91,85,2175,52120,47959,920
Madhya Pradesh,Barwani,0,230,61786,247,0,2903,1600,29739,1.82,57,3133,48431,43102,890
Madhya Pradesh,Khargone,93,561,120858,710,0,8015,3358,52684,1.33,114,8576,97803,75752,775
Madhya Pradesh,Shivpuri,0,871,116444,188,0,7511,3595,52170,2.12,178,8382,95666,73019,763
Madhya Pradesh,Sheopur,0,280,44222,193,0,1895,968,18273,3.45,75,2175,34042,28591,840
Madhya Pradesh,Morena,0,1025,134823,421,0,4096,2774,49626,2.52,129,5121,105498,78968,749
Madhya Pradesh,Guna,0,782,108530,363,0,2015,1680,30546,1.18,33,2797,77901,61219,786
Madhya Pradesh,Seoni,0,1090,115761,665,0,2913,1840,33171,3.42,137,4003,77416,71528,924
Madhya Pradesh,Datia,0,396,74733,247,0,1740,1111,21997,4.4,94,2136,52437,44272,844
Madhya Pradesh,Bhind,0,925,127477,349,0,3558,2376,44306,3.95,177,4483,101598,70341,692
Madhya Pradesh,Narsinghpur,0,55,98203,223,0,2783,1652,30183,1.83,52,2838,72562,55824,769
Madhya Pradesh,Katni,0,213,115222,217,53,2846,2014,34841,2.97,91,3059,82799,67414,814
Madhya Pradesh,Ashoknagar,18,518,74510,183,0,1409,989,21174,1.71,33,1927,53659,42021,783
Madhya Pradesh,Vidisha,54,837,130671,302,0,2382,1311,32331,2.83,91,3219,89481,73515,822
Madhya Pradesh,Sehore,1133,614,159224,279,0,3898,2616,44626,4.61,208,4512,110985,92866,837
Madhya Pradesh,Alirajpur,180,100,44913,42,713,899,849,18697,5.11,51,999,32373,31240,965
Madhya Pradesh,Rajgarh,50,1542,117457,423,0,7369,2564,43642,3.8,339,8911,88528,72623,820
Madhya Pradesh,Raisen,71,364,98254,187,0,2866,2126,36286,4.33,140,3230,77333,57199,740
Madhya Pradesh,Hoshangabad,19,1037,114641,608,0,2750,1814,36811,2.19,83,3787,84146,67319,800
Madhya Pradesh,Harda,0,189,46334,130,0,1797,1032,18116,3.73,74,1986,35840,28612,798
Madhya Pradesh,Betul,277,339,146313,178,0,3226,2112,40697,3.23,115,3565,101896,85126,835
Maharashtra,Pune,59,4682,1838220,5406,0,40536,25425,523912,1.91,862,45218,1266757,1096872,866
Maharashtra,Akola,0,3237,214411,2980,49,313,154,35261,6.48,230,3550,134226,115556,861
Maharashtra,Nagpur,74,2867,853352,2430,0,1731,934,171233,12.44,572,4598,547436,477127,872
Maharashtra,Amravati,112,2602,312225,4475,0,396,815,56520,3.74,112,2998,198146,170709,862
Maharashtra,Buldhana,1,5901,295195,3718,0,845,565,51474,6.88,464,6746,185768,160895,866
Maharashtra,Yavatmal,0,3688,286739,4464,0,381,426,65332,6.91,281,4069,193348,158745,821
Maharashtra,Washim,0,2244,163656,1638,0,156,146,23134,8.75,210,2400,99599,87374,877
Maharashtra,Bhandara,2815,1095,191253,402,0,136,76,28982,6.42,79,1231,109219,111003,1016
Maharashtra,Kolhapur,0,818,861209,2551,0,627,740,105403,10.03,145,1445,484816,481813,994
Maharashtra,Ratnagiri,0,3036,168706,3940,0,427,388,62059,5.69,197,3463,124019,106793,861
Maharashtra,Sangli,0,481,548300,3858,0,123,459,65802,15.89,96,604,312873,301265,963
Maharashtra,Sindhudurg,0,948,141813,2650,0,124,119,24823,6.34,68,1072,84384,82268,975
Maharashtra,Solapur,0,903,373483,5430,0,120,1105,87391,9.48,97,1023,256114,204927,800
Maharashtra,Satara,20,1191,563960,3348,10,455,675,76612,5.1,84,1646,330157,310520,941
Maharashtra,Wardha,1095,2794,202470,1410,0,258,179,30893,4.85,148,3052,120596,112790,935
Maharashtra,Gondia,0,4593,184398,2705,0,312,253,37172,3.36,165,4905,113940,107685,945
Maharashtra,Gadchiroli,873,1960,94508,1480,0,175,149,35483,7.73,165,2135,72505,57536,794
Maharashtra,Chandrapur,0,393,253338,2841,0,140,445,53982,12.57,67,533,165593,141778,856
Maharashtra,Osmanabad,0,332,183105,1903,0,190,448,38872,13.03,68,522,121148,100825,832
Maharashtra,Nanded,0,2176,293081,775,13,1063,187,59739,11.76,381,3239,190055,162792,857
Maharashtra,Latur,0,3437,257827,2352,0,624,546,61061,8.1,329,4061,175323,143588,819
Maharashtra,Beed,0,2721,260322,4314,0,166,292,45721,8.42,243,2887,167767,138381,825
Maharashtra,Parbhani,0,1977,183705,1726,0,321,231,41464,10.1,232,2298,120404,104754,870
Maharashtra,Hingoli,0,1033,90832,967,0,166,144,23173,9.26,111,1199,62348,51655,828
Maharashtra,Nandurbar,697,3137,169313,3063,0,605,714,54955,6.63,248,3742,119158,105456,885
Maharashtra,Dhule,30,4312,210110,2449,0,704,467,48904,5.46,274,5016,138806,120262,866
Maharashtra,Nashik,0,2715,661930,5286,0,1415,1936,132377,5.81,240,4130,438056,356301,813
Maharashtra,Jalgaon,0,993,367429,4066,0,502,1037,76862,7.62,114,1496,240036,204332,851
Maharashtra,Ahmednagar,0,2314,463617,6241,0,197,812,86777,5.93,149,2511,304065,246549,811
Maharashtra,Thane,42,6477,1096082,8720,0,11597,8260,287337,2.19,396,18074,743992,639659,860
Maharashtra,Raigad,0,1762,296439,3527,0,4340,2880,91694,3.74,228,6102,218382,169934,778
Maharashtra,Palghar,218,6950,226301,2698,128,2096,1224,64769,2.7,244,9046,156028,135278,867
Maharashtra,Mumbai,2,7729,2036654,13946,0,44511,36192,670305,1.3,680,52240,1467500,1241289,846
Maharashtra,Jalna,0,3180,212858,3306,0,418,702,57835,7.56,272,3598,144624,126240,873
Maharashtra,Aurangabad ,4,2864,382263,2789,0,2021,1207,100547,4.81,235,4885,270078,212666,787
Manipur,Bishnupur,0,110,24341,65,0,96,339,8793,11.65,24,206,17716,15429,871
Manipur,Chandel,0,0,5352,4,0,344,108,5166,1.74,6,344,6692,3826,572
Manipur,Churachandpur,0,87,20181,52,0,121,74,12842,5.77,12,208,18123,14899,822
Manipur,Imphal East,0,553,62749,258,0,825,337,27156,4.5,62,1378,49036,40865,833
Manipur,Imphal West,0,726,67609,697,0,915,1039,37428,4.81,79,1641,57698,47352,821
Manipur,Senapati,0,13,3262,29,0,669,101,4031,8.5,58,682,4718,2579,547
Manipur,Tamenglong,0,1,3654,5,0,220,78,3395,13.12,29,221,4413,2640,598
Manipur,Thoubal,40,1,29785,195,0,760,114,11599,13.01,99,761,22092,19296,873
Manipur,Ukhrul,193,24,4664,29,137,306,195,4905,9.09,30,330,5966,3634,609
Manipur,Tengnoupal,0,9,3493,10,0,161,119,4633,5.88,10,170,5461,2670,489
Manipur,Kangpokpi,0,0,6461,34,0,326,134,4371,1.23,4,326,5653,5186,917
Manipur,Kamjong,0,0,1471,2,116,51,16,2270,17.65,9,51,2234,1511,676
Manipur,Jiribam,30,10,2758,24,216,291,110,3371,6.31,19,301,4208,1919,456
Manipur,Pherzawl,0,0,2542,9,0,76,64,1852,5.26,4,76,2247,2246,1000
Manipur,Noney,0,0,2973,1,62,241,35,2834,3.73,9,241,3862,1944,503
Manipur,Kakching,0,0,16729,223,0,429,251,6302,4.9,21,429,12217,10847,888
Meghalaya,East Khasi Hills,0,166,69892,193,0,197,537,47620,26.72,97,363,62816,54704,871
Meghalaya,South West Khasi Hills,0,163,7431,135,0,309,293,7427,10.17,48,472,8074,6919,857
Meghalaya,West Jaintia Hills,0,13,18967,24,0,41,189,14388,29.63,16,54,15611,17749,1137
Meghalaya,Ri-Bhoi,0,36,18037,46,0,138,283,14284,9.2,16,174,17888,14431,807
Meghalaya,East Jaintia Hills,0,1,11126,5,0,9,133,9315,0,0,10,12443,7995,643
Meghalaya,West Khasi Hills,0,60,21624,83,0,93,263,14753,24.18,37,153,17729,18675,1053
Meghalaya,West Garo Hills,0,50,54054,53,0,24,208,15022,21.62,16,74,34454,34618,1005
Meghalaya,South Garo Hills,90,18,10423,49,0,24,43,4856,19.05,8,42,8236,7044,855
Meghalaya,South West Garo Hills,0,53,19424,16,0,19,87,4936,25,18,72,11822,12533,1060
Meghalaya,North Garo Hills,0,13,11807,12,0,6,33,3082,5.26,1,19,7109,7782,1095
Meghalaya,East Garo Hills,0,123,10563,53,0,52,46,5912,20,35,175,9102,7409,814
Mizoram,Aizawl East,0,122,55054,65,0,100,334,19072,3.6,8,222,38368,35764,932
Mizoram,Aizawl West,0,169,38862,62,0,48,450,11339,1.38,3,217,23822,26377,1107
Mizoram,Mamit,0,0,13544,3,0,0,6,2918,0,0,0,9148,7318,800
Mizoram,Kolasib,0,0,15159,30,0,0,107,3770,0,0,0,9731,9200,945
Mizoram,Champhai,0,0,25303,4,0,0,1,3227,0,0,0,14442,14086,975
Mizoram,Serchhip,0,0,13415,13,0,0,51,3741,0,0,0,9605,7550,786
Mizoram,Lunglei,0,0,28329,64,0,0,53,6301,0,0,0,18498,16134,872
Mizoram,Lawngtlai,0,0,10868,40,0,0,28,4022,0,0,0,8071,6818,845
Mizoram,Siaha,50,27,9000,37,0,7,6,1640,47.06,16,34,5434,5206,958
Nagaland,Dimapur,348,183,39053,72,0,1494,690,25709,4.35,73,1677,39353,25441,646
Nagaland,Peren,0,8,4286,16,0,49,144,4616,5.26,3,57,5347,3565,667
Nagaland,Wokha,0,18,10309,8,0,8,143,5797,53.85,14,26,8365,7736,925
Nagaland,Mokokchung,19,75,19392,25,0,9,180,7247,42.86,36,84,13749,12895,938
Nagaland,Longleng,0,0,5673,35,0,0,38,2749,0,0,0,4581,3841,838
Nagaland,Mon,0,57,16601,43,0,56,254,8217,15.04,17,113,14454,10366,717
Nagaland,Tuensang,0,4,7901,21,0,38,130,5684,19.05,8,42,8596,4994,581
Nagaland,Kohima,95,93,19180,58,0,23,260,12826,3.45,4,116,18528,13479,727
Nagaland,Zunheboto,0,23,7506,10,0,6,67,3513,37.93,11,29,6341,4678,738
Nagaland,Phek,149,5,7576,15,49,1,96,5933,400,24,6,8190,5320,650
Nagaland,Kiphire,0,11,2863,2,0,2,21,2467,53.85,7,13,3652,1679,460
Odisha,Angul,515,2405,121508,1760,0,50,73,12085,1.83,45,2455,78926,54669,693
Odisha,Khurda,3537,3769,488719,4019,0,5491,7577,265089,3.67,340,9260,428029,326178,762
Odisha,Balasore,0,4954,362040,4120,0,41,36,18114,2.75,138,5012,200703,179785,896
Odisha,Balangir,29,1016,128145,707,0,30,19,15388,15.68,164,1046,77136,66384,861
Odisha,Ganjam,0,2030,522551,1787,0,49,3600,144183,10.63,221,2079,340976,325713,955
Odisha,Kandhamal,217,689,90231,563,0,4,9,10814,6.78,47,693,47970,53287,1111
Odisha,Koraput,0,1188,199350,1116,0,81,1769,43574,6.7,81,1209,116895,126514,1082
Odisha,Sambalpur,0,1861,140742,1564,0,663,2873,102017,4.99,126,2524,137372,105671,769
Odisha,Sundargarh,0,682,229365,1581,0,437,8051,149042,12.6,141,1119,203686,174845,858
Odisha,Bhadrak,65,1777,184114,1228,0,143,47,9373,3.12,60,1920,104209,89286,857
Odisha,Kendujhar,77,4230,202024,2406,0,403,279,18021,2.48,115,4635,116523,103848,891
Odisha,Mayurbhanj,38,2253,243018,1213,0,163,45,21862,8.03,194,2416,132817,132071,994
Odisha,Cuttack,381,5320,364804,4538,0,716,8812,161225,2.72,164,6036,295744,231184,782
Odisha,Dhenkanal,0,2180,138603,1356,0,6,2,9562,7.04,154,2186,81536,66962,821
Odisha,Jagatsinghpur,0,358,148192,2347,0,2,24,8491,0,0,360,85976,70705,822
Odisha,Jajpur,0,6753,199048,2053,0,18,116,15124,0.87,59,6771,117959,96209,816
Odisha,Kendrapara,104,1349,190706,2942,0,22,13,8144,5.03,69,1371,105289,93569,889
Odisha,Nayagarh,0,2634,120592,1765,0,3,6,7306,2.01,53,2637,69105,58819,851
Odisha,Puri,0,3596,246303,4032,0,107,2793,48974,3.97,147,3703,159091,136227,856
Odisha,Kalahandi,0,1433,173233,614,0,321,2451,35581,6.04,106,1754,108044,100856,933
Odisha,Nuapada,0,159,62516,144,0,55,15,6172,12.15,26,214,34506,34171,990
Odisha,Subarnapur,0,529,72080,305,0,1,2,6102,3.77,20,530,40559,37622,928
Odisha,Gajapati,0,458,63337,335,0,49,38,8714,10.45,53,507,33745,38488,1141
Odisha,Boudh,0,74,50116,156,0,26,20,4592,20,20,100,30313,24450,807
Odisha,Malkangiri,0,116,61859,180,0,16,41,11076,6.06,8,132,36310,36640,1009
Odisha,Nabarangpur,467,437,112967,512,0,29,1517,32418,20.17,94,466,68274,77115,1129
Odisha,Rayagada,105,509,112767,744,0,6,4,12823,16.5,85,515,59902,65697,1097
Odisha,Bargarh,30,2736,169920,1140,0,19,1690,34938,4.9,135,2755,108701,96237,885
Odisha,Deogarh,258,575,34914,169,0,15,16,5525,6.27,36,574,22387,18115,809
Odisha,Jharsuguda,0,773,74155,549,0,1040,368,9889,4.8,87,1813,47529,36516,768
Puducherry,Puducherry,536,773,115150,618,0,1865,1837,59535,6.14,162,2638,91281,83463,914
Puducherry,Karaikal,154,190,20961,141,0,280,209,5271,10.64,50,470,13395,12846,959
Puducherry,Mahe,0,0,13032,29,0,95,103,2978,5.26,5,95,7268,8744,1203
Puducherry,Yanam,0,20,5662,33,0,83,86,1964,6.8,7,103,4100,3527,860
Punjab,Kapurthala,98,840,96761,622,0,200,114,14620,8.65,90,1040,60799,50583,832
Punjab,Ferozpur,0,344,63378,353,0,145,247,20065,8.38,41,489,48425,35019,723
Punjab,Hoshiarpur,0,865,243880,982,0,332,371,48994,11.11,133,1197,161049,132011,820
Punjab,Mansa,8809,331,39255,209,0,233,196,18908,18.79,106,564,35097,23127,659
Punjab,Barnala,2200,254,46991,260,0,126,165,14334,5.26,20,380,35799,25557,714
Punjab,Fatehgarh Sahib,0,158,40860,192,0,54,55,12038,8.49,18,212,31010,21890,706
Punjab,Amritsar,1018,830,233495,1367,154,988,1498,64585,6.16,112,1818,166166,131971,794
Punjab,Pathankot,0,327,129819,218,0,411,324,18932,12.47,92,738,78786,69966,888
Punjab,Fazilka,0,270,67178,278,0,98,170,17697,11.41,42,368,49195,35713,726
Punjab,Ludhiana,3751,3611,451575,2443,1369,2249,1603,114913,6.31,370,5860,332666,234020,703
Punjab,Gurdaspur,123,635,256069,866,0,182,294,46193,10.16,83,817,157657,144653,918
Punjab,Sri Muktsar Sahib,148,472,65952,380,0,408,376,20438,5.68,50,880,49996,36400,728
Punjab,Moga,0,875,74742,619,0,569,277,13899,10.11,146,1444,49358,39313,796
Punjab,Jalandhar,49,1651,356936,1216,0,1030,643,55518,3.32,89,2681,220571,192045,871
Punjab,Bathinda,0,470,86835,449,0,683,951,40571,9.28,107,1153,77850,50037,643
Punjab,Patiala,40,791,208768,1353,0,1023,545,49439,4.74,86,1814,145943,112313,770
Punjab,Tarn Taran,2609,513,86368,480,0,707,299,19696,17.21,210,1220,59299,46819,790
Punjab,SAS Nagar,0,1083,170673,1102,0,5212,4167,217700,3.26,205,6295,237067,151590,639
Punjab,Rup Nagar,9,1376,59894,706,0,380,150,11154,4.21,74,1756,41023,30028,732
Punjab,Sangrur,0,747,99098,615,0,681,471,28666,13.45,192,1428,75304,52503,697
Punjab,Faridkot,0,400,70170,279,0,156,113,16655,15.11,84,556,47767,39092,818
Punjab,SBS Nagar,0,328,98794,191,0,84,67,17510,11.65,48,412,61149,55155,902
Rajasthan,Bikaner,0,1463,408313,850,0,58,1308,123012,10.45,159,1521,287697,243687,847
Rajasthan,Jodhpur,83,13634,612038,7245,0,685,2846,153049,5.45,781,14319,413978,351851,850
Rajasthan,Kota,0,890,355444,528,0,132,1433,138700,18.4,188,1022,266825,227343,852
Rajasthan,Udaipur,2395,1978,417905,922,41,3101,3321,141802,6.32,321,5079,290262,269870,930
Rajasthan,Jaipur I,0,6303,722933,2479,0,5416,4817,233643,3.93,461,11719,523812,433564,828
Rajasthan,Jaipur II,0,1783,430000,984,604,2831,4113,147107,4.68,216,4614,313293,264376,844
Rajasthan,Ajmer,0,3753,488771,2038,0,330,1681,118988,9.23,377,4083,306596,301454,983
Rajasthan,Bharatpur,0,4097,381930,3203,0,117,1824,101915,7.26,306,4214,260731,223133,856
Rajasthan,Sri Ganganagar,0,2707,336284,2184,0,315,1231,64712,14.82,448,3022,210868,190116,902
Rajasthan,Jhunjhunu,0,6657,432156,2224,0,139,1484,68795,4.18,284,6796,245911,255784,1040
Rajasthan,Dausa,85,3832,205128,1632,0,171,1168,45268,6.42,257,4003,134171,116560,869
Rajasthan,Alwar,568,4483,694231,3507,0,134,2849,175761,12.63,583,4617,461478,408557,885
Rajasthan,Sikar,0,1501,473103,6268,0,203,1873,127539,6.22,106,1704,305966,294705,963
Rajasthan,Bundi,5,138,243568,138,0,14,726,39182,31.58,48,152,142416,140363,986
Rajasthan,Jhalawar,0,1183,209428,569,0,275,1060,47931,8.37,122,1458,134947,122528,908
Rajasthan,Baran,0,250,195427,209,0,3,799,40329,18.58,47,253,123857,111897,903
Rajasthan,Hanumangarh,0,6442,288099,6081,0,208,1417,59109,7.82,520,6650,184052,163432,888
Rajasthan,Rajsamand,0,291,195475,301,0,318,1009,38365,10.02,61,609,114901,118971,1035
Rajasthan,Banswara,0,1180,277674,883,0,207,1166,50385,4.54,63,1387,161549,166605,1031
Rajasthan,Dungarpur,0,500,175822,226,0,2323,1276,37017,3.44,97,2823,103621,109402,1056
Rajasthan,Chittorgarh,40,386,279731,231,0,121,1691,49659,14.4,73,507,169205,160191,947
Rajasthan,Pratapgarh,13975,604,94369,371,0,399,294,45852,13.66,137,1003,73281,67053,915
Rajasthan,Bhilwara,0,2878,379531,1491,0,1056,1809,102414,8.8,346,3934,242803,239286,986
Rajasthan,Dholpur,0,206,194066,122,0,484,696,52958,14.49,100,690,131962,115048,872
Rajasthan,Karauli,454,524,231235,296,0,493,901,34985,15.04,153,1017,137844,128397,931
Rajasthan,Tonk,0,2733,198792,1565,0,185,1027,39750,9.32,272,2918,124638,113963,914
Rajasthan,Jaisalmer,730,249,86644,243,0,859,874,34507,8.3,92,1108,71466,49724,696
Rajasthan,Barmer,0,3478,419968,1837,0,547,2025,69450,8.32,335,4025,266737,222763,835
Rajasthan,Pali,68,1244,330200,1210,0,361,1197,86856,13.4,215,1605,218907,198288,906
Rajasthan,Churu,0,4948,304606,3136,0,173,1395,58149,6.62,339,5121,184193,178568,969
Rajasthan,Sirohi,0,236,157205,172,0,46,760,34928,20.57,58,282,99962,92180,922
Rajasthan,Nagaur,390,2313,694283,2495,0,187,2417,91852,11.2,280,2500,390308,395937,1014
Rajasthan,Jalore,0,1106,236113,643,0,259,1262,41602,11.36,155,1365,148840,128967,866
Rajasthan,Sawai Madhopur,0,842,186586,366,0,69,914,49612,19.65,179,911,127734,108552,850
Sikkim,East Sikkim,0,16,70449,27,0,26,104,22119,66.67,28,42,49452,43110,872
Sikkim,West Sikkim,0,0,31235,0,0,0,1,3975,0,0,0,19121,16087,841
Sikkim,North Sikkim,0,17,8586,4,0,32,5,2307,2.04,1,49,6169,4723,766
Sikkim,South Sikkim,0,1,37455,8,0,39,18,3344,25,10,40,22024,18770,852
Tamil Nadu,Coimbatore,0,1511,349021,4960,0,3467,5403,139120,3.86,192,4978,273715,215032,786
Tamil Nadu,Madurai,0,1173,186681,1874,0,1212,8386,106553,3.56,85,2385,160279,133328,832
Tamil Nadu,Thanjavur,0,510,109898,973,0,479,4117,58868,5.16,51,989,95473,73470,770
Tamil Nadu,Viluppuram,4,666,93525,707,0,978,3129,45396,7.06,116,1644,75662,63707,842
Tamil Nadu,Vellore,56,995,111227,837,0,427,2324,61404,7.59,108,1422,91975,80700,877
Tamil Nadu,Kanyakumari,0,336,91092,1007,0,121,2192,56574,2.84,13,457,77410,70276,908
Tamil Nadu,Salem,0,1504,147445,960,0,1600,4319,83678,3.74,116,3104,127981,103305,807
Tamil Nadu,Pudukkottai,0,255,49767,599,0,165,1527,20618,14.29,60,420,37387,33006,883
Tamil Nadu,Cuddalore,0,890,119788,594,0,2732,3692,47215,2.43,88,3622,99337,68449,689
Tamil Nadu,Tirunelveli,0,296,61121,1056,0,1161,5014,57612,6.38,93,1457,69880,49199,704
Tamil Nadu,Virudhunagar,0,253,71065,610,0,53,1503,28483,7.84,24,306,46949,52641,1121
Tamil Nadu,Tirupattur,0,1054,61035,811,0,1223,3172,39006,8.04,183,2277,51279,48760,951
Tamil Nadu,Tenkasi,56,219,47679,472,0,155,3238,40262,14.97,56,374,47078,40883,868
Tamil Nadu,Kallakurichi,438,129,47404,659,0,54,2165,31231,9.29,17,183,43081,35583,826
Tamil Nadu,Tiruvannamalai,0,649,46895,751,0,304,2363,31385,5.98,57,953,43880,34416,784
Tamil Nadu,Thoothukudi (Tuticorin),93,727,42563,918,0,1646,3006,35585,6.62,157,2373,45009,33215,738
Tamil Nadu,Ariyalur,48,60,37486,476,0,228,1285,24522,7.64,22,288,36296,25766,710
Tamil Nadu,Dindigul,109,204,62354,545,0,108,2221,34034,8.97,28,312,50888,45505,894
Tamil Nadu,Kanchipuram,352,396,52068,421,0,2297,4031,47001,4.72,127,2693,61513,38126,620
Tamil Nadu,Namakkal,0,519,122515,890,0,151,2863,54193,5.97,40,670,94929,81789,862
Tamil Nadu,Karur,0,39,53607,453,10,85,947,32284,4.84,6,124,46990,39002,830
Tamil Nadu,Tiruchirappalli,183,2772,184895,2036,162,1121,6714,94261,5.57,217,3893,149881,129316,863
Tamil Nadu,Sivaganga,0,1217,55841,870,0,279,2369,36343,8.29,124,1496,50800,41688,821
Tamil Nadu,Krishnagiri,0,1830,119148,1140,0,448,4687,62495,12.82,292,2278,107188,74514,695
Tamil Nadu,Erode,0,463,123221,1191,0,366,2665,60203,18.21,151,829,102553,80929,789
Tamil Nadu,Palani,0,99,48039,256,0,107,1360,28009,16.5,34,206,40205,35873,892
Tamil Nadu,Chengalpet,0,863,205609,1489,0,1241,6316,92739,6.46,136,2104,163078,135615,832
Tamil Nadu,Dharmapuri,40,458,70739,611,0,42,2531,43684,10,50,500,64219,50228,782
Tamil Nadu,Ramanathapuram,2992,478,28046,416,5718,1093,1465,18211,2.48,39,1571,25077,21367,852
Tamil Nadu,Tiruppur,21,1570,123332,1736,0,529,5770,80571,6.72,141,2099,117237,86691,739
Tamil Nadu,Theni,75,918,52244,1115,0,2801,3577,37776,3.79,141,3719,50198,39968,796
Tamil Nadu,Perambalur,49,188,31049,404,0,1,1005,16274,21.69,41,189,25006,22330,893
Tamil Nadu,Chennai,199,3295,1055628,5157,298,12163,19501,471340,3.7,572,15458,835326,692256,829
Tamil Nadu,Tiruvallur,0,825,99663,1050,0,461,4623,70130,7.31,94,1286,99099,70724,714
Tamil Nadu,Paramakudi,0,293,38833,281,0,22,972,15525,4.76,15,315,24654,29697,1205
Tamil Nadu,Tiruvarur,588,350,40557,958,0,206,2657,31468,6.12,34,556,43608,28501,654
Tamil Nadu,Poonamallee,0,633,51001,643,0,189,1223,22676,8.27,68,822,42637,31044,728
Tamil Nadu,Nagapattinam,0,584,51291,813,0,66,2733,38682,9.23,60,650,52993,36980,698
Tamil Nadu,Nilgiris,280,560,119576,1138,0,462,529,27217,8.61,88,1022,72421,74589,1030
Tamil Nadu,Attur,50,326,116584,503,0,98,983,31529,22.64,96,424,69542,78573,1130
Tamil Nadu,Sivakasi,46,13,86309,726,0,580,1707,31582,7.93,47,593,58661,59636,1017
Telangana,Hyderabad,0,5660,598370,4542,0,26592,19701,247756,1.13,363,32247,467952,378943,810
Telangana,Adilabad,0,107,44168,59,0,11,223,8133,35.59,42,118,27985,24311,869
Telangana,Bhadradri Kothagudem,0,180,104907,315,0,0,377,16111,0,0,180,65113,55905,859
Telangana,Jagtial,0,127,117425,60,0,5,363,9495,13.64,18,132,60169,66734,1109
Telangana,Jangaon,0,91,52387,35,0,3,184,4834,27.66,26,94,27051,30167,1115
Telangana,Jayashankar Bhupalpally,0,491,71985,267,0,9,165,5536,4,20,500,37465,40042,1069
Telangana,Jogulamba Gadwal,0,19,46399,25,0,3,173,5273,36.36,8,22,26672,24993,937
Telangana,Kamareddy,0,152,134332,104,0,6,363,12082,20.25,32,158,69222,77200,1115
Telangana,Karimnagar,0,353,179944,205,0,294,637,17889,12.83,83,647,100176,97628,975
Telangana,Khammam,0,154,106253,326,0,1,823,19943,3.23,5,155,69037,57178,828
Telangana,Kumuram Bheem,0,95,37676,28,0,5,147,5476,40,40,100,22153,20988,947
Telangana,Mahabubabad,0,531,86113,90,0,5,269,7657,10.07,54,536,44637,49068,1099
Telangana,Mahabubnagar,0,93,85359,102,0,1,240,10734,27.66,26,94,46692,49390,1058
Telangana,Mancherial,0,255,75028,140,0,3,303,10302,4.65,12,258,44653,40678,911
Telangana,Medak,0,0,99264,208,0,0,313,8302,0,0,0,52568,54960,1046
Telangana,Medchal,0,2277,357001,2457,0,8026,8196,96796,2.01,207,10303,248578,205314,826
Telangana,Nagarkurnool,0,38,87268,46,0,2,231,6756,0,0,40,45169,48843,1081
Telangana,Nalgonda,0,14,105975,236,0,19,808,19965,21.21,7,33,67147,58793,876
Telangana,Nirmal,0,98,118553,118,0,89,170,7069,17.65,33,187,59384,66239,1115
Telangana,Nizamabad,0,40,135714,132,0,141,563,20694,4.97,9,181,79084,77330,978
Telangana,Peddapalli,0,80,94563,131,0,0,336,8951,0,0,80,53243,50272,944
Telangana,Rajanna Sircilla,0,36,100039,37,0,8,184,6735,13.64,6,44,50196,56544,1126
Telangana,Rangareddy,0,2974,315178,2455,0,11085,8988,115424,1.28,180,14060,239888,191151,797
Telangana,Sangareddy,0,523,120794,454,0,1177,1438,24794,3.53,60,1700,81522,64067,786
Telangana,Siddipet,0,620,189575,292,0,3,510,16369,17.17,107,623,94482,111423,1179
Telangana,Suryapet,0,0,116287,349,0,0,552,13406,0,0,0,64613,65063,1007
Telangana,Vikarabad,0,29,53966,42,0,1,253,9363,0,0,30,32766,30558,933
Telangana,Wanaparthy,0,18,46480,41,0,2,165,5186,0,0,20,25557,26108,1022
Telangana,Warangal(Rural),0,47,49773,163,0,0,502,7747,6.38,3,47,29914,27603,923
Telangana,Warangal(Urban),0,1422,155849,1084,0,4828,3551,49109,0.59,37,6253,109664,95273,869
Telangana,Yadadri Bhuvanagiri,0,1153,161251,868,0,21,252,10287,5.62,66,1174,81231,90266,1111
Telangana,Mulugu,0,92,52709,303,0,5,94,4226,13.4,13,97,27445,29485,1074
Telangana,Narayanpet,0,116,28616,89,0,1,112,4197,2.56,3,117,16429,16381,997
Tripura,Dhalai,945,169,83348,368,0,10,20,11638,28.49,51,179,50937,44071,865
Tripura,Gomati,198,927,87866,372,0,68,61,10263,3.52,35,995,50843,47283,930
Tripura,Khowai,18,12,65317,62,0,1,10,6812,53.85,7,13,37104,35021,944
Tripura,North Tripura,0,0,103153,55,0,0,15,8407,0,0,0,57315,54233,946
Tripura,Sepahijala,545,743,115714,361,0,13,15,11002,11.11,84,756,66491,60214,906
Tripura,South Tripura,0,0,150282,3399,0,0,428,15646,0,0,0,85916,79996,931
Tripura,Unakoti,20,6,61007,139,0,4,25,5550,100,10,10,33773,32779,971
Tripura,West Tripura,304,232,281596,1062,0,968,706,92383,10.83,130,1200,193580,181000,935
Uttar Pradesh,Agra,223,2965,255191,2191,0,7160,7794,168779,2.91,295,10125,251673,172326,685
Uttar Pradesh,Aligarh,49,1286,175830,1109,0,6527,6367,128899,3.55,277,7813,178100,126628,711
Uttar Pradesh,Prayagraj,229,2253,286123,1749,0,8057,6317,202368,2.91,300,10310,293308,195344,666
Uttar Pradesh,Ambedkar Nagar,251,700,99536,605,0,1071,407,17465,4.46,79,1771,68120,48933,718
Uttar Pradesh,Amethi,1010,1581,126861,1773,0,771,246,12183,1.62,38,2352,74331,64772,871
Uttar Pradesh,Amroha,247,1869,88759,1238,0,793,236,12053,0.68,18,2662,56889,43970,773
Uttar Pradesh,Auraiya,50,782,66226,611,0,941,253,8062,3.89,67,1723,44105,30308,687
Uttar Pradesh,Azamgarh,2009,2707,186143,1985,0,3955,4024,97246,3.87,258,6662,163256,120169,736
Uttar Pradesh,Badaun,1851,1533,178630,1548,0,1158,312,17450,4.05,109,2691,105247,90875,863
Uttar Pradesh,Baghpat,165,3059,151302,3753,0,718,223,10317,2.2,83,3777,86938,74711,859
Uttar Pradesh,Bahraich,2284,3795,230313,2927,10,2002,455,22972,4.02,233,5797,140541,113041,804
Uttar Pradesh,Balarampur,784,2408,179543,1555,2,1095,312,14352,3.91,137,3503,107824,86502,802
Uttar Pradesh,Ballia,486,1096,149250,906,0,1103,313,16569,2.77,61,2199,95301,70569,740
Uttar Pradesh,Banda,186,420,83848,335,362,2100,1577,34083,3.57,90,2520,71062,46946,661
Uttar Pradesh,Barabanki,6,5090,178410,4036,0,1246,478,23398,1.33,84,6336,116148,86109,741
Uttar Pradesh,Bareilly,944,2249,251775,1709,831,7738,6278,177999,4.64,463,9987,245578,184298,750
Uttar Pradesh,Basti,463,1868,151358,797,0,2603,2233,58262,4,179,4471,123753,85949,695
Uttar Pradesh,Bijnour,1208,5804,207742,4626,0,1236,355,20732,1.7,120,7040,123791,104936,848
Uttar Pradesh,Bulandshahr,1095,6566,233427,5258,0,1511,497,26684,1.03,83,8077,143457,116730,814
Uttar Pradesh,Chandauli,1766,984,98336,868,0,859,255,14077,5.26,97,1843,63472,49121,774
Uttar Pradesh,Chitrakoot,139,195,46493,218,53,1006,256,6527,3.25,39,1201,30779,22269,724
Uttar Pradesh,Deoria,1075,2375,169787,1428,0,1005,308,16646,1.48,50,3380,104492,82055,785
Uttar Pradesh,Etah,369,513,76259,775,0,815,241,10748,2.41,32,1328,50149,36865,735
Uttar Pradesh,Etawah,59,281,85140,578,0,935,273,14862,5.26,64,1216,58138,41939,721
Uttar Pradesh,Ayodhya,136,829,104508,530,0,2829,2792,76497,4.16,152,3658,108154,72863,674
Uttar Pradesh,Farrukhabad,3165,237,87925,359,0,796,241,11323,7.45,77,1033,58487,40763,697
Uttar Pradesh,Fatehpur,125,669,128102,973,0,965,261,14488,4.65,76,1634,80277,62315,776
Uttar Pradesh,Firozabad,431,1088,124665,719,0,2014,1956,63213,4.45,138,3102,108391,79459,733
Uttar Pradesh,Gautam Buddha Nagar,1627,3438,306253,2574,280,18364,15061,254148,1.83,398,21802,335376,225986,674
Uttar Pradesh,Ghaziabad,799,3918,327317,2723,0,9305,9223,183866,3.68,487,13223,290272,220989,761
Uttar Pradesh,Ghazipur,11120,5541,163381,3050,0,1684,506,19768,4.08,295,7225,103667,79976,771
Uttar Pradesh,Gonda,735,5561,204845,4353,0,3877,2890,71407,1.5,142,9438,164524,111997,681
Uttar Pradesh,Gorakhpur,15,2936,281452,2202,45,7787,5675,167566,2.49,267,10723,260451,188628,724
Uttar Pradesh,Hamirpur,114,1155,82642,579,94,1121,298,7885,2.37,54,2276,49504,41022,829
Uttar Pradesh,Hapur,121,1380,96917,1729,0,815,239,11420,9.34,205,2195,60888,47460,779
Uttar Pradesh,Hardoi,2118,1351,142683,826,0,1332,391,20297,6.6,177,2683,91363,71673,784
Uttar Pradesh,Hathras,1445,1296,110670,1294,0,952,288,8884,3.65,82,2248,64557,55038,853
Uttar Pradesh,Jalaun,1288,2657,113226,2152,0,937,251,10425,2.67,96,3594,70565,53093,752
Uttar Pradesh,Jaunpur,1573,2098,244850,1769,0,1173,340,20213,6.39,209,3271,144978,120271,830
Uttar Pradesh,Jhansi,0,676,108844,739,0,3649,3497,83460,3.35,145,4325,113580,78713,693
Uttar Pradesh,Kannauj,5261,950,59796,548,0,1085,305,10965,2.7,55,2035,42063,28810,685
Uttar Pradesh,Kanpur Dehat,725,1488,102044,1369,0,765,257,10525,3.86,87,2253,66090,46505,704
Uttar Pradesh,Kanpur Nagar,343,2439,323924,2163,680,9390,7358,185454,2.46,291,11829,294661,214850,729
Uttar Pradesh,Kasganj,375,370,61604,421,3,941,294,9620,6.79,89,1311,39393,31831,808
Uttar Pradesh,Kaushambi,0,726,72011,568,0,1206,289,9395,1.97,38,1932,45960,35443,771
Uttar Pradesh,Kushinagar,128,1228,178191,1433,0,1244,367,18756,8.82,218,2472,112086,84915,758
Uttar Pradesh,Lakhimpur Kheri,1339,2683,161282,2897,0,1231,402,23007,3.22,126,3914,106459,77897,732
Uttar Pradesh,Lalitpur,948,283,64293,193,0,897,251,7650,3.39,40,1180,39502,32436,821
Uttar Pradesh,Lucknow,547,3953,442833,3107,76,16572,11405,315767,2.51,515,20525,436732,322388,738
Uttar Pradesh,Maharajganj,2551,887,128514,587,0,944,295,18404,4.31,79,1831,81862,65111,795
Uttar Pradesh,Mahoba,1928,370,90424,419,48,1160,284,5903,4.58,70,1530,51146,45175,883
Uttar Pradesh,Mainpuri,0,380,93774,380,0,751,209,11630,4.33,49,1131,58047,47380,816
Uttar Pradesh,Mathura,586,2841,189775,2667,0,3068,3180,86979,4.25,251,5909,161548,115245,713
Uttar Pradesh,Mau,188,1143,95906,743,0,1096,345,17432,5.4,121,2239,64699,48757,754
Uttar Pradesh,Meerut,57,6506,352744,5048,0,7044,5175,152817,2.07,280,13550,280652,224941,801
Uttar Pradesh,Mirzapur,214,2017,154986,1725,0,4177,3146,66979,3.49,216,6194,126253,95740,758
Uttar Pradesh,Moradabad,116,1769,155558,1462,0,5438,4788,115994,3.79,273,7207,156010,115596,741
Uttar Pradesh,Muzaffarnagar,5902,2560,185435,4376,0,1078,349,16665,3.63,132,3638,111293,90843,816
Uttar Pradesh,Pilibhit,0,1300,161997,1283,0,923,263,13346,3.01,67,2223,94558,80780,854
Uttar Pradesh,Raebareli,351,941,119011,735,0,1249,505,18711,4.57,100,2190,75540,62195,823
Uttar Pradesh,Pratapgarh,2705,673,147059,1378,0,1152,514,16200,10.14,185,1825,89573,73870,825
Uttar Pradesh,Rampur,277,1119,102021,694,0,938,274,12701,3.06,63,2057,61877,52876,855
Uttar Pradesh,Saharanpur,2,3188,229608,2860,0,5814,5126,119091,3.2,288,9002,196745,151889,772
Uttar Pradesh,Sambhal,427,563,87821,415,0,1163,328,10257,6.03,104,1726,53960,44149,818
Uttar Pradesh,Sant Kabir Nagar,485,780,80954,544,0,909,272,10856,1.24,21,1689,50378,41152,817
Uttar Pradesh,Bhadohi,185,1554,106472,1086,0,1074,273,9307,3.5,92,2628,62751,53020,845
Uttar Pradesh,Shahjahanpur,969,2536,165051,1523,259,2096,2237,73386,2.33,108,4632,140434,98089,698
Uttar Pradesh,Shamli,279,894,89784,1204,0,811,238,9374,2.64,45,1705,56819,42324,745
Uttar Pradesh,Shravasti,1490,1127,63072,1263,185,474,135,7205,13.05,209,1601,41238,29539,716
Uttar Pradesh,Siddharthnagar,6135,1896,177552,1407,0,1319,344,16988,6.69,215,3215,104911,89719,855
Uttar Pradesh,Sitapur,1136,1363,202263,1227,0,1222,367,24603,6,155,2585,130695,96253,736
Uttar Pradesh,Sonbhadra,343,1053,80657,519,0,1121,316,14431,3.96,86,2174,59166,35928,607
Uttar Pradesh,Sultanpur,59,2669,148853,2033,0,931,260,16244,3.89,140,3600,89962,75248,836
Uttar Pradesh,Unnao,36,1022,174959,877,1,1277,305,16379,7.87,181,2299,104690,86636,828
Uttar Pradesh,Varanasi,388,2729,272309,1995,421,6568,5908,164204,4.12,383,9297,259794,176785,680
Uttarakhand,Dehradun,224,2110,368928,1561,0,2822,1906,97177,3.61,178,4932,244727,221481,905
Uttarakhand,Pauri Garhwal,0,436,141755,275,0,22,335,26472,11.35,52,458,79416,88798,1118
Uttarakhand,Chamoli,0,158,92436,331,0,0,424,23253,13.92,22,158,56961,58715,1031
Uttarakhand,Rudraprayag,0,181,54188,199,0,12,78,19816,13.99,27,193,34260,39728,1160
Uttarakhand,Tehri Garhwal,0,288,110507,356,0,34,281,23465,8.7,28,322,62190,71788,1154
Uttarakhand,Haridwar,6,776,239829,1557,0,351,382,78259,14.46,163,1127,181168,136953,756
Uttarakhand,Uttarkashi,0,271,75480,189,0,3,93,21653,16.79,46,274,49093,48039,979
Uttarakhand,Almora,0,666,131273,1197,0,109,413,26964,7.1,55,775,73280,84947,1159
Uttarakhand,Udham Singh Nagar,922,963,180172,1043,0,677,805,60456,5.49,90,1640,134370,106288,791
Uttarakhand,Pithoragarh,647,656,76457,500,0,27,54,24558,9.81,67,683,49721,51325,1032
Uttarakhand,Bageshwar,0,190,61118,234,0,10,11,18498,5,10,200,37889,41741,1102
Uttarakhand,Champawat,249,142,57021,135,0,30,488,22260,4.65,8,172,39920,39344,986
Uttarakhand,Nainital,415,674,173123,819,0,325,1129,54229,4.1,41,999,118154,109197,924
West Bengal,Alipurduar District,0,753,150039,1523,0,847,2803,57425,5.62,90,1600,120028,87488,729
West Bengal,Bankura,0,2703,198933,1340,0,646,2933,75048,3.02,101,3349,163835,110198,673
West Bengal,Basirhat HD (North 24 Parganas),0,3213,228394,1415,0,2508,3960,51187,5.4,309,5721,149260,130420,874
West Bengal,Birbhum,0,1370,212035,1357,0,1775,2973,54921,4.93,155,3145,147371,119631,812
West Bengal,Bishnupur HD (Bankura),800,1098,75414,977,0,2415,1826,32657,2.76,97,3513,65688,42450,646
West Bengal,Dakshin Dinajpur,0,56,164684,1175,0,87,3334,58501,4.9,7,143,119227,103956,872
West Bengal,Darjeeling,143,950,227760,877,0,3689,4335,82783,2.39,111,4639,166149,144306,869
West Bengal,Diamond Harbor HD (S 24 Parganas),0,4879,291745,2934,0,1708,4535,80528,4.3,283,6587,202072,170238,842
West Bengal,East Bardhaman,0,8014,449989,3360,0,720,7614,116739,3.27,286,8734,316398,250356,791
West Bengal,Hoogly,0,9541,612642,4694,0,1422,6916,133948,2.88,316,10964,409411,337237,824
West Bengal,Howrah,0,4439,438236,3033,0,4614,6682,123445,3.39,307,9053,313023,248718,795
West Bengal,Jalpaiguri,0,2570,142087,1873,0,1175,3362,71640,3.34,125,3745,127419,86305,677
West Bengal,Jhargram,0,990,52113,791,0,1696,1379,35083,4.99,134,2686,56962,30254,531
West Bengal,Kalimpong,0,166,54541,581,0,683,1271,17046,2.47,21,849,36622,34963,955
West Bengal,Kolkata,44,16586,1106680,9370,37,30232,19242,342110,2.91,1362,46818,823361,626552,761
West Bengal,Malda,0,1569,264115,1051,0,3411,2820,92147,5.42,270,4980,195199,161032,825
West Bengal,Murshidabad,0,2205,461703,3682,0,2797,7813,131661,1.16,58,5002,316730,276621,873
West Bengal,Nadia,0,2472,377333,2987,0,1971,7292,122880,3.08,137,4443,283539,216663,764
West Bengal,Nandigram HD (East Medinipore),0,5798,264950,3793,0,1377,4560,55606,3.14,225,7175,175751,144796,824
West Bengal,North 24 Parganas,31,15657,753887,7758,26,17329,16410,236282,2.01,664,32986,557476,433245,777
West Bengal,Paschim Medinipore,0,4807,371262,3521,0,5465,6370,109712,3.87,398,10272,279979,201059,718
West Bengal,Purba Medinipore,0,2581,337405,2187,0,1023,8167,95971,3.22,116,3604,241224,192206,797
West Bengal,Purulia,16,1930,194910,1771,0,5329,4481,81208,2.63,191,7259,164425,111694,679
West Bengal,Rampurhat HD (Birbhum),0,12,140096,431,0,1258,1252,38592,3.15,40,1270,95054,83665,880
West Bengal,South 24 Parganas,0,8175,468721,4757,0,2122,7015,130235,3.43,353,10297,317354,281739,888
West Bengal,Uttar Dinajpur,0,1389,162630,1304,0,2760,3832,68301,1.95,81,4149,128512,102413,797
West Bengal,West Bardhaman,0,728,208279,947,0,2459,5346,88783,4.8,153,3187,180531,116603,646
Assam,Hojai,0,134,72338,770,0,61,553,20883,2.56,5,195,49699,43510,875
Assam,Biswanath,0,735,55703,1065,0,61,235,19274,6.78,54,796,40206,34809,866
Assam,Charaideo,0,615,36994,670,0,147,304,12268,2.36,18,762,27097,22199,819
Assam,Majuli,0,282,28749,317,0,7,122,7297,0.35,1,289,19181,16862,879
Assam,South Salmara Mankachar,310,22,7150,58,230,110,134,6099,13.64,18,132,8831,4418,500
Assam,West Karbi Anglong,39,19,14082,86,58,77,142,8278,35.42,34,96,13034,9326,716
Gujarat,Ahmedabad Corporation,189,5998,853247,5369,156,33459,32924,720379,2.39,943,39457,878160,695682,792
Gujarat,Bhavnagar Corporation,0,396,97677,368,177,1914,2899,86645,3.9,90,2310,100867,83610,829
Gujarat,Gandhinagar Corporation,34,428,58647,581,0,4894,4513,83414,1.65,88,5322,81138,60917,751
Gujarat,Jamnagar Corporation,56,658,95945,616,170,3883,5187,101372,3.5,159,4541,107213,90173,841
Gujarat,Junagadh Corporation,0,80,54885,144,0,85,98,12006,15.15,25,165,35214,31693,900
Gujarat,Rajkot Corporation,0,1283,248726,1117,433,9919,15772,315291,4.98,558,11202,315179,248875,790
Gujarat,Surat Corporation,18,2459,629606,1723,0,18984,18802,479571,2.88,617,21443,652306,457036,701
Gujarat,Vadodara Corporation,33,2016,359918,2156,542,16711,18627,370144,2.79,523,18727,390777,339376,868
Tamil Nadu,Cheyyar,0,60,26642,301,0,669,1687,20494,7,51,729,26943,20265,752
Tamil Nadu,Aranthangi,0,311,34989,401,0,186,1197,15181,8.65,43,497,27018,23342,864
Tamil Nadu,Kovilpatti,0,375,37096,642,0,23,1290,18135,3.02,12,398,28314,26916,951
Tamil Nadu,Ranipet,498,644,43977,656,0,515,2352,31136,11.3,131,1159,44584,30523,685
West Bengal,COOCHBEHAR,0,1318,209842,1319,0,3450,4071,74485,2.77,132,4768,165001,119345,723
